DATAFLOW,LAST UPDATE,freq,stk_flow,indic_et,partner,sitc06,geo,TIME_PERIOD,OBS_VALUE,OBS_FLAG
ESTAT:EXT_ST_EU27_2020SITC(1.0),21/05/24 11:00:00,M,IMP,TRD_VAL,ACP,TOTAL,EU27_2020,2023-06,7828.1,
ESTAT:EXT_ST_EU27_2020SITC(1.0),21/05/24 11:00:00,M,IMP,TRD_VAL,ACP,TOTAL,EU27_2020,2023-07,6981.2,
ESTAT:EXT_ST_EU27_2020SITC(1.0),21/05/24 11:00:00,M,IMP,TRD_VAL,ACP,TOTAL,EU27_2020,2023-08,7721.8,
ESTAT:EXT_ST_EU27_2020SITC(1.0),21/05/24 11:00:00,M,IMP,TRD_VAL,ACP,TOTAL,EU27_2020,2023-09,8411.7,
ESTAT:EXT_ST_EU27_2020SITC(1.0),21/05/24 11:00:00,M,IMP,TRD_VAL,ACP,TOTAL,EU27_2020,2023-10,8307.4,
ESTAT:EXT_ST_EU27_2020SITC(1.0),21/05/24 11:00:00,M,IMP,TRD_VAL,ACP,TOTAL,EU27_2020,2023-11,8535.4,
ESTAT:EXT_ST_EU27_2020SITC(1.0),21/05/24 11:00:00,M,IMP,TRD_VAL,ACP,TOTAL,EU27_2020,2023-12,7996.7,
ESTAT:EXT_ST_EU27_2020SITC(1.0),21/05/24 11:00:00,M,IMP,TRD_VAL,ACP,TOTAL,EU27_2020,2024-01,8536.1,
ESTAT:EXT_ST_EU27_2020SITC(1.0),21/05/24 11:00:00,M,IMP,TRD_VAL,ACP,TOTAL,EU27_2020,2024-02,8028.9,
ESTAT:EXT_ST_EU27_2020SITC(1.0),21/05/24 11:00:00,M,IMP,TRD_VAL,ACP,TOTAL,EU27_2020,2024-03,8241.5,
ESTAT:EXT_ST_EU27_2020SITC(1.0),21/05/24 11:00:00,M,IMP,TRD_VAL,AE,TOTAL,EU27_2020,2023-06,1312.5,
ESTAT:EXT_ST_EU27_2020SITC(1.0),21/05/24 11:00:00,M,IMP,TRD_VAL,AE,TOTAL,EU27_2020,2023-07,1116.9,
ESTAT:EXT_ST_EU27_2020SITC(1.0),21/05/24 11:00:00,M,IMP,TRD_VAL,AE,TOTAL,EU27_2020,2023-08,1508.5,
ESTAT:EXT_ST_EU27_2020SITC(1.0),21/05/24 11:00:00,M,IMP,TRD_VAL,AE,TOTAL,EU27_2020,2023-09,1055.5,
ESTAT:EXT_ST_EU27_2020SITC(1.0),21/05/24 11:00:00,M,IMP,TRD_VAL,AE,TOTAL,EU27_2020,2023-10,1559.5,
ESTAT:EXT_ST_EU27_2020SITC(1.0),21/05/24 11:00:00,M,IMP,TRD_VAL,AE,TOTAL,EU27_2020,2023-11,1135.6,
ESTAT:EXT_ST_EU27_2020SITC(1.0),21/05/24 11:00:00,M,IMP,TRD_VAL,AE,TOTAL,EU27_2020,2023-12,1062.7,
ESTAT:EXT_ST_EU27_2020SITC(1.0),21/05/24 11:00:00,M,IMP,TRD_VAL,AE,TOTAL,EU27_2020,2024-01,852.4,
ESTAT:EXT_ST_EU27_2020SITC(1.0),21/05/24 11:00:00,M,IMP,TRD_VAL,AE,TOTAL,EU27_2020,2024-02,728.3,
ESTAT:EXT_ST_EU27_2020SITC(1.0),21/05/24 11:00:00,M,IMP,TRD_VAL,AE,TOTAL,EU27_2020,2024-03,1180.7,
ESTAT:EXT_ST_EU27_2020SITC(1.0),21/05/24 11:00:00,M,IMP,TRD_VAL,AFR,TOTAL,EU27_2020,2023-06,16047.3,
ESTAT:EXT_ST_EU27_2020SITC(1.0),21/05/24 11:00:00,M,IMP,TRD_VAL,AFR,TOTAL,EU27_2020,2023-07,13611.4,
ESTAT:EXT_ST_EU27_2020SITC(1.0),21/05/24 11:00:00,M,IMP,TRD_VAL,AFR,TOTAL,EU27_2020,2023-08,14759.5,
ESTAT:EXT_ST_EU27_2020SITC(1.0),21/05/24 11:00:00,M,IMP,TRD_VAL,AFR,TOTAL,EU27_2020,2023-09,15674.9,
ESTAT:EXT_ST_EU27_2020SITC(1.0),21/05/24 11:00:00,M,IMP,TRD_VAL,AFR,TOTAL,EU27_2020,2023-10,16531.7,
ESTAT:EXT_ST_EU27_2020SITC(1.0),21/05/24 11:00:00,M,IMP,TRD_VAL,AFR,TOTAL,EU27_2020,2023-11,16418.6,
ESTAT:EXT_ST_EU27_2020SITC(1.0),21/05/24 11:00:00,M,IMP,TRD_VAL,AFR,TOTAL,EU27_2020,2023-12,15583.7,
ESTAT:EXT_ST_EU27_2020SITC(1.0),21/05/24 11:00:00,M,IMP,TRD_VAL,AFR,TOTAL,EU27_2020,2024-01,16022.8,
ESTAT:EXT_ST_EU27_2020SITC(1.0),21/05/24 11:00:00,M,IMP,TRD_VAL,AFR,TOTAL,EU27_2020,2024-02,15177.2,
ESTAT:EXT_ST_EU27_2020SITC(1.0),21/05/24 11:00:00,M,IMP,TRD_VAL,AFR,TOTAL,EU27_2020,2024-03,15675.3,
ESTAT:EXT_ST_EU27_2020SITC(1.0),21/05/24 11:00:00,M,IMP,TRD_VAL,AME,TOTAL,EU27_2020,2023-06,42035.7,
ESTAT:EXT_ST_EU27_2020SITC(1.0),21/05/24 11:00:00,M,IMP,TRD_VAL,AME,TOTAL,EU27_2020,2023-07,40485.2,
ESTAT:EXT_ST_EU27_2020SITC(1.0),21/05/24 11:00:00,M,IMP,TRD_VAL,AME,TOTAL,EU27_2020,2023-08,41181.2,
ESTAT:EXT_ST_EU27_2020SITC(1.0),21/05/24 11:00:00,M,IMP,TRD_VAL,AME,TOTAL,EU27_2020,2023-09,40630.6,
ESTAT:EXT_ST_EU27_2020SITC(1.0),21/05/24 11:00:00,M,IMP,TRD_VAL,AME,TOTAL,EU27_2020,2023-10,43193.4,
ESTAT:EXT_ST_EU27_2020SITC(1.0),21/05/24 11:00:00,M,IMP,TRD_VAL,AME,TOTAL,EU27_2020,2023-11,43157.8,
ESTAT:EXT_ST_EU27_2020SITC(1.0),21/05/24 11:00:00,M,IMP,TRD_VAL,AME,TOTAL,EU27_2020,2023-12,41188.3,
ESTAT:EXT_ST_EU27_2020SITC(1.0),21/05/24 11:00:00,M,IMP,TRD_VAL,AME,TOTAL,EU27_2020,2024-01,41424.2,
ESTAT:EXT_ST_EU27_2020SITC(1.0),21/05/24 11:00:00,M,IMP,TRD_VAL,AME,TOTAL,EU27_2020,2024-02,39335.8,
ESTAT:EXT_ST_EU27_2020SITC(1.0),21/05/24 11:00:00,M,IMP,TRD_VAL,AME,TOTAL,EU27_2020,2024-03,40482.0,
ESTAT:EXT_ST_EU27_2020SITC(1.0),21/05/24 11:00:00,M,IMP,TRD_VAL,AME_LAT,TOTAL,EU27_2020,2023-06,10227.9,
ESTAT:EXT_ST_EU27_2020SITC(1.0),21/05/24 11:00:00,M,IMP,TRD_VAL,AME_LAT,TOTAL,EU27_2020,2023-07,9234.6,
ESTAT:EXT_ST_EU27_2020SITC(1.0),21/05/24 11:00:00,M,IMP,TRD_VAL,AME_LAT,TOTAL,EU27_2020,2023-08,10324.3,
ESTAT:EXT_ST_EU27_2020SITC(1.0),21/05/24 11:00:00,M,IMP,TRD_VAL,AME_LAT,TOTAL,EU27_2020,2023-09,9158.3,
ESTAT:EXT_ST_EU27_2020SITC(1.0),21/05/24 11:00:00,M,IMP,TRD_VAL,AME_LAT,TOTAL,EU27_2020,2023-10,10800.5,
ESTAT:EXT_ST_EU27_2020SITC(1.0),21/05/24 11:00:00,M,IMP,TRD_VAL,AME_LAT,TOTAL,EU27_2020,2023-11,9706.5,
ESTAT:EXT_ST_EU27_2020SITC(1.0),21/05/24 11:00:00,M,IMP,TRD_VAL,AME_LAT,TOTAL,EU27_2020,2023-12,9162.4,
ESTAT:EXT_ST_EU27_2020SITC(1.0),21/05/24 11:00:00,M,IMP,TRD_VAL,AME_LAT,TOTAL,EU27_2020,2024-01,9985.7,
ESTAT:EXT_ST_EU27_2020SITC(1.0),21/05/24 11:00:00,M,IMP,TRD_VAL,AME_LAT,TOTAL,EU27_2020,2024-02,8614.6,
ESTAT:EXT_ST_EU27_2020SITC(1.0),21/05/24 11:00:00,M,IMP,TRD_VAL,AME_LAT,TOTAL,EU27_2020,2024-03,9269.5,
ESTAT:EXT_ST_EU27_2020SITC(1.0),21/05/24 11:00:00,M,IMP,TRD_VAL,AR,TOTAL,EU27_2020,2023-06,533.4,
ESTAT:EXT_ST_EU27_2020SITC(1.0),21/05/24 11:00:00,M,IMP,TRD_VAL,AR,TOTAL,EU27_2020,2023-07,522.8,
ESTAT:EXT_ST_EU27_2020SITC(1.0),21/05/24 11:00:00,M,IMP,TRD_VAL,AR,TOTAL,EU27_2020,2023-08,612.4,
ESTAT:EXT_ST_EU27_2020SITC(1.0),21/05/24 11:00:00,M,IMP,TRD_VAL,AR,TOTAL,EU27_2020,2023-09,554.1,
ESTAT:EXT_ST_EU27_2020SITC(1.0),21/05/24 11:00:00,M,IMP,TRD_VAL,AR,TOTAL,EU27_2020,2023-10,674.2,
ESTAT:EXT_ST_EU27_2020SITC(1.0),21/05/24 11:00:00,M,IMP,TRD_VAL,AR,TOTAL,EU27_2020,2023-11,508.9,
ESTAT:EXT_ST_EU27_2020SITC(1.0),21/05/24 11:00:00,M,IMP,TRD_VAL,AR,TOTAL,EU27_2020,2023-12,480.4,
ESTAT:EXT_ST_EU27_2020SITC(1.0),21/05/24 11:00:00,M,IMP,TRD_VAL,AR,TOTAL,EU27_2020,2024-01,502.0,
ESTAT:EXT_ST_EU27_2020SITC(1.0),21/05/24 11:00:00,M,IMP,TRD_VAL,AR,TOTAL,EU27_2020,2024-02,445.5,
ESTAT:EXT_ST_EU27_2020SITC(1.0),21/05/24 11:00:00,M,IMP,TRD_VAL,AR,TOTAL,EU27_2020,2024-03,529.2,
ESTAT:EXT_ST_EU27_2020SITC(1.0),21/05/24 11:00:00,M,IMP,TRD_VAL,ASEAN,TOTAL,EU27_2020,2023-06,12404.1,
ESTAT:EXT_ST_EU27_2020SITC(1.0),21/05/24 11:00:00,M,IMP,TRD_VAL,ASEAN,TOTAL,EU27_2020,2023-07,13264.5,
ESTAT:EXT_ST_EU27_2020SITC(1.0),21/05/24 11:00:00,M,IMP,TRD_VAL,ASEAN,TOTAL,EU27_2020,2023-08,13009.2,
ESTAT:EXT_ST_EU27_2020SITC(1.0),21/05/24 11:00:00,M,IMP,TRD_VAL,ASEAN,TOTAL,EU27_2020,2023-09,12409.6,
ESTAT:EXT_ST_EU27_2020SITC(1.0),21/05/24 11:00:00,M,IMP,TRD_VAL,ASEAN,TOTAL,EU27_2020,2023-10,13707.0,
ESTAT:EXT_ST_EU27_2020SITC(1.0),21/05/24 11:00:00,M,IMP,TRD_VAL,ASEAN,TOTAL,EU27_2020,2023-11,12692.8,
ESTAT:EXT_ST_EU27_2020SITC(1.0),21/05/24 11:00:00,M,IMP,TRD_VAL,ASEAN,TOTAL,EU27_2020,2023-12,11523.2,
ESTAT:EXT_ST_EU27_2020SITC(1.0),21/05/24 11:00:00,M,IMP,TRD_VAL,ASEAN,TOTAL,EU27_2020,2024-01,12337.6,
ESTAT:EXT_ST_EU27_2020SITC(1.0),21/05/24 11:00:00,M,IMP,TRD_VAL,ASEAN,TOTAL,EU27_2020,2024-02,11582.3,
ESTAT:EXT_ST_EU27_2020SITC(1.0),21/05/24 11:00:00,M,IMP,TRD_VAL,ASEAN,TOTAL,EU27_2020,2024-03,12831.3,
ESTAT:EXT_ST_EU27_2020SITC(1.0),21/05/24 11:00:00,M,IMP,TRD_VAL,ASI,TOTAL,EU27_2020,2023-06,93890.4,
ESTAT:EXT_ST_EU27_2020SITC(1.0),21/05/24 11:00:00,M,IMP,TRD_VAL,ASI,TOTAL,EU27_2020,2023-07,94796.1,
ESTAT:EXT_ST_EU27_2020SITC(1.0),21/05/24 11:00:00,M,IMP,TRD_VAL,ASI,TOTAL,EU27_2020,2023-08,90721.5,
ESTAT:EXT_ST_EU27_2020SITC(1.0),21/05/24 11:00:00,M,IMP,TRD_VAL,ASI,TOTAL,EU27_2020,2023-09,92439.9,
ESTAT:EXT_ST_EU27_2020SITC(1.0),21/05/24 11:00:00,M,IMP,TRD_VAL,ASI,TOTAL,EU27_2020,2023-10,100415.7,
ESTAT:EXT_ST_EU27_2020SITC(1.0),21/05/24 11:00:00,M,IMP,TRD_VAL,ASI,TOTAL,EU27_2020,2023-11,91791.0,
ESTAT:EXT_ST_EU27_2020SITC(1.0),21/05/24 11:00:00,M,IMP,TRD_VAL,ASI,TOTAL,EU27_2020,2023-12,78654.6,
ESTAT:EXT_ST_EU27_2020SITC(1.0),21/05/24 11:00:00,M,IMP,TRD_VAL,ASI,TOTAL,EU27_2020,2024-01,82074.5,
ESTAT:EXT_ST_EU27_2020SITC(1.0),21/05/24 11:00:00,M,IMP,TRD_VAL,ASI,TOTAL,EU27_2020,2024-02,81703.5,
ESTAT:EXT_ST_EU27_2020SITC(1.0),21/05/24 11:00:00,M,IMP,TRD_VAL,ASI,TOTAL,EU27_2020,2024-03,89222.9,
ESTAT:EXT_ST_EU27_2020SITC(1.0),21/05/24 11:00:00,M,IMP,TRD_VAL,ASI_OTH,TOTAL,EU27_2020,2023-06,82261.1,
ESTAT:EXT_ST_EU27_2020SITC(1.0),21/05/24 11:00:00,M,IMP,TRD_VAL,ASI_OTH,TOTAL,EU27_2020,2023-07,83858.7,
ESTAT:EXT_ST_EU27_2020SITC(1.0),21/05/24 11:00:00,M,IMP,TRD_VAL,ASI_OTH,TOTAL,EU27_2020,2023-08,79976.2,
ESTAT:EXT_ST_EU27_2020SITC(1.0),21/05/24 11:00:00,M,IMP,TRD_VAL,ASI_OTH,TOTAL,EU27_2020,2023-09,81524.4,
ESTAT:EXT_ST_EU27_2020SITC(1.0),21/05/24 11:00:00,M,IMP,TRD_VAL,ASI_OTH,TOTAL,EU27_2020,2023-10,88672.1,
ESTAT:EXT_ST_EU27_2020SITC(1.0),21/05/24 11:00:00,M,IMP,TRD_VAL,ASI_OTH,TOTAL,EU27_2020,2023-11,81618.7,
ESTAT:EXT_ST_EU27_2020SITC(1.0),21/05/24 11:00:00,M,IMP,TRD_VAL,ASI_OTH,TOTAL,EU27_2020,2023-12,69687.0,
ESTAT:EXT_ST_EU27_2020SITC(1.0),21/05/24 11:00:00,M,IMP,TRD_VAL,ASI_OTH,TOTAL,EU27_2020,2024-01,73650.6,
ESTAT:EXT_ST_EU27_2020SITC(1.0),21/05/24 11:00:00,M,IMP,TRD_VAL,ASI_OTH,TOTAL,EU27_2020,2024-02,73459.8,
ESTAT:EXT_ST_EU27_2020SITC(1.0),21/05/24 11:00:00,M,IMP,TRD_VAL,ASI_OTH,TOTAL,EU27_2020,2024-03,79644.6,
ESTAT:EXT_ST_EU27_2020SITC(1.0),21/05/24 11:00:00,M,IMP,TRD_VAL,ASI_W_IR,TOTAL,EU27_2020,2023-06,11629.3,
ESTAT:EXT_ST_EU27_2020SITC(1.0),21/05/24 11:00:00,M,IMP,TRD_VAL,ASI_W_IR,TOTAL,EU27_2020,2023-07,10937.4,
ESTAT:EXT_ST_EU27_2020SITC(1.0),21/05/24 11:00:00,M,IMP,TRD_VAL,ASI_W_IR,TOTAL,EU27_2020,2023-08,10745.3,
ESTAT:EXT_ST_EU27_2020SITC(1.0),21/05/24 11:00:00,M,IMP,TRD_VAL,ASI_W_IR,TOTAL,EU27_2020,2023-09,10915.4,
ESTAT:EXT_ST_EU27_2020SITC(1.0),21/05/24 11:00:00,M,IMP,TRD_VAL,ASI_W_IR,TOTAL,EU27_2020,2023-10,11743.7,
ESTAT:EXT_ST_EU27_2020SITC(1.0),21/05/24 11:00:00,M,IMP,TRD_VAL,ASI_W_IR,TOTAL,EU27_2020,2023-11,10172.3,
ESTAT:EXT_ST_EU27_2020SITC(1.0),21/05/24 11:00:00,M,IMP,TRD_VAL,ASI_W_IR,TOTAL,EU27_2020,2023-12,8967.6,
ESTAT:EXT_ST_EU27_2020SITC(1.0),21/05/24 11:00:00,M,IMP,TRD_VAL,ASI_W_IR,TOTAL,EU27_2020,2024-01,8423.9,
ESTAT:EXT_ST_EU27_2020SITC(1.0),21/05/24 11:00:00,M,IMP,TRD_VAL,ASI_W_IR,TOTAL,EU27_2020,2024-02,8243.7,
ESTAT:EXT_ST_EU27_2020SITC(1.0),21/05/24 11:00:00,M,IMP,TRD_VAL,ASI_W_IR,TOTAL,EU27_2020,2024-03,9578.4,
ESTAT:EXT_ST_EU27_2020SITC(1.0),21/05/24 11:00:00,M,IMP,TRD_VAL,AU,TOTAL,EU27_2020,2023-06,1185.7,
ESTAT:EXT_ST_EU27_2020SITC(1.0),21/05/24 11:00:00,M,IMP,TRD_VAL,AU,TOTAL,EU27_2020,2023-07,922.1,
ESTAT:EXT_ST_EU27_2020SITC(1.0),21/05/24 11:00:00,M,IMP,TRD_VAL,AU,TOTAL,EU27_2020,2023-08,802.9,
ESTAT:EXT_ST_EU27_2020SITC(1.0),21/05/24 11:00:00,M,IMP,TRD_VAL,AU,TOTAL,EU27_2020,2023-09,992.6,
ESTAT:EXT_ST_EU27_2020SITC(1.0),21/05/24 11:00:00,M,IMP,TRD_VAL,AU,TOTAL,EU27_2020,2023-10,945.8,
ESTAT:EXT_ST_EU27_2020SITC(1.0),21/05/24 11:00:00,M,IMP,TRD_VAL,AU,TOTAL,EU27_2020,2023-11,700.0,
ESTAT:EXT_ST_EU27_2020SITC(1.0),21/05/24 11:00:00,M,IMP,TRD_VAL,AU,TOTAL,EU27_2020,2023-12,935.7,
ESTAT:EXT_ST_EU27_2020SITC(1.0),21/05/24 11:00:00,M,IMP,TRD_VAL,AU,TOTAL,EU27_2020,2024-01,871.6,
ESTAT:EXT_ST_EU27_2020SITC(1.0),21/05/24 11:00:00,M,IMP,TRD_VAL,AU,TOTAL,EU27_2020,2024-02,805.3,
ESTAT:EXT_ST_EU27_2020SITC(1.0),21/05/24 11:00:00,M,IMP,TRD_VAL,AU,TOTAL,EU27_2020,2024-03,819.7,
ESTAT:EXT_ST_EU27_2020SITC(1.0),21/05/24 11:00:00,M,IMP,TRD_VAL,BR,TOTAL,EU27_2020,2023-06,3736.6,
ESTAT:EXT_ST_EU27_2020SITC(1.0),21/05/24 11:00:00,M,IMP,TRD_VAL,BR,TOTAL,EU27_2020,2023-07,3364.8,
ESTAT:EXT_ST_EU27_2020SITC(1.0),21/05/24 11:00:00,M,IMP,TRD_VAL,BR,TOTAL,EU27_2020,2023-08,4084.8,
ESTAT:EXT_ST_EU27_2020SITC(1.0),21/05/24 11:00:00,M,IMP,TRD_VAL,BR,TOTAL,EU27_2020,2023-09,3525.0,
ESTAT:EXT_ST_EU27_2020SITC(1.0),21/05/24 11:00:00,M,IMP,TRD_VAL,BR,TOTAL,EU27_2020,2023-10,4326.3,
ESTAT:EXT_ST_EU27_2020SITC(1.0),21/05/24 11:00:00,M,IMP,TRD_VAL,BR,TOTAL,EU27_2020,2023-11,3595.1,
ESTAT:EXT_ST_EU27_2020SITC(1.0),21/05/24 11:00:00,M,IMP,TRD_VAL,BR,TOTAL,EU27_2020,2023-12,3439.9,
ESTAT:EXT_ST_EU27_2020SITC(1.0),21/05/24 11:00:00,M,IMP,TRD_VAL,BR,TOTAL,EU27_2020,2024-01,3539.9,
ESTAT:EXT_ST_EU27_2020SITC(1.0),21/05/24 11:00:00,M,IMP,TRD_VAL,BR,TOTAL,EU27_2020,2024-02,3073.4,
ESTAT:EXT_ST_EU27_2020SITC(1.0),21/05/24 11:00:00,M,IMP,TRD_VAL,BR,TOTAL,EU27_2020,2024-03,3355.0,
ESTAT:EXT_ST_EU27_2020SITC(1.0),21/05/24 11:00:00,M,IMP,TRD_VAL,CA,TOTAL,EU27_2020,2023-06,2269.0,
ESTAT:EXT_ST_EU27_2020SITC(1.0),21/05/24 11:00:00,M,IMP,TRD_VAL,CA,TOTAL,EU27_2020,2023-07,2517.0,
ESTAT:EXT_ST_EU27_2020SITC(1.0),21/05/24 11:00:00,M,IMP,TRD_VAL,CA,TOTAL,EU27_2020,2023-08,2028.3,
ESTAT:EXT_ST_EU27_2020SITC(1.0),21/05/24 11:00:00,M,IMP,TRD_VAL,CA,TOTAL,EU27_2020,2023-09,2018.5,
ESTAT:EXT_ST_EU27_2020SITC(1.0),21/05/24 11:00:00,M,IMP,TRD_VAL,CA,TOTAL,EU27_2020,2023-10,2180.1,
ESTAT:EXT_ST_EU27_2020SITC(1.0),21/05/24 11:00:00,M,IMP,TRD_VAL,CA,TOTAL,EU27_2020,2023-11,2415.8,
ESTAT:EXT_ST_EU27_2020SITC(1.0),21/05/24 11:00:00,M,IMP,TRD_VAL,CA,TOTAL,EU27_2020,2023-12,2257.0,
ESTAT:EXT_ST_EU27_2020SITC(1.0),21/05/24 11:00:00,M,IMP,TRD_VAL,CA,TOTAL,EU27_2020,2024-01,2349.3,
ESTAT:EXT_ST_EU27_2020SITC(1.0),21/05/24 11:00:00,M,IMP,TRD_VAL,CA,TOTAL,EU27_2020,2024-02,2422.1,
ESTAT:EXT_ST_EU27_2020SITC(1.0),21/05/24 11:00:00,M,IMP,TRD_VAL,CA,TOTAL,EU27_2020,2024-03,2128.4,
ESTAT:EXT_ST_EU27_2020SITC(1.0),21/05/24 11:00:00,M,IMP,TRD_VAL,CC5_15,TOTAL,EU27_2020,2023-06,13377.1,
ESTAT:EXT_ST_EU27_2020SITC(1.0),21/05/24 11:00:00,M,IMP,TRD_VAL,CC5_15,TOTAL,EU27_2020,2023-07,12138.0,
ESTAT:EXT_ST_EU27_2020SITC(1.0),21/05/24 11:00:00,M,IMP,TRD_VAL,CC5_15,TOTAL,EU27_2020,2023-08,11812.3,
ESTAT:EXT_ST_EU27_2020SITC(1.0),21/05/24 11:00:00,M,IMP,TRD_VAL,CC5_15,TOTAL,EU27_2020,2023-09,12305.0,
ESTAT:EXT_ST_EU27_2020SITC(1.0),21/05/24 11:00:00,M,IMP,TRD_VAL,CC5_15,TOTAL,EU27_2020,2023-10,13619.3,
ESTAT:EXT_ST_EU27_2020SITC(1.0),21/05/24 11:00:00,M,IMP,TRD_VAL,CC5_15,TOTAL,EU27_2020,2023-11,13569.2,
ESTAT:EXT_ST_EU27_2020SITC(1.0),21/05/24 11:00:00,M,IMP,TRD_VAL,CC5_15,TOTAL,EU27_2020,2023-12,12071.8,
ESTAT:EXT_ST_EU27_2020SITC(1.0),21/05/24 11:00:00,M,IMP,TRD_VAL,CC5_15,TOTAL,EU27_2020,2024-01,13414.3,
ESTAT:EXT_ST_EU27_2020SITC(1.0),21/05/24 11:00:00,M,IMP,TRD_VAL,CC5_15,TOTAL,EU27_2020,2024-02,12996.8,
ESTAT:EXT_ST_EU27_2020SITC(1.0),21/05/24 11:00:00,M,IMP,TRD_VAL,CC5_15,TOTAL,EU27_2020,2024-03,13152.9,
ESTAT:EXT_ST_EU27_2020SITC(1.0),21/05/24 11:00:00,M,IMP,TRD_VAL,CH,TOTAL,EU27_2020,2023-06,12564.4,
ESTAT:EXT_ST_EU27_2020SITC(1.0),21/05/24 11:00:00,M,IMP,TRD_VAL,CH,TOTAL,EU27_2020,2023-07,11004.2,
ESTAT:EXT_ST_EU27_2020SITC(1.0),21/05/24 11:00:00,M,IMP,TRD_VAL,CH,TOTAL,EU27_2020,2023-08,10805.0,
ESTAT:EXT_ST_EU27_2020SITC(1.0),21/05/24 11:00:00,M,IMP,TRD_VAL,CH,TOTAL,EU27_2020,2023-09,12017.5,
ESTAT:EXT_ST_EU27_2020SITC(1.0),21/05/24 11:00:00,M,IMP,TRD_VAL,CH,TOTAL,EU27_2020,2023-10,11413.8,
ESTAT:EXT_ST_EU27_2020SITC(1.0),21/05/24 11:00:00,M,IMP,TRD_VAL,CH,TOTAL,EU27_2020,2023-11,12717.5,
ESTAT:EXT_ST_EU27_2020SITC(1.0),21/05/24 11:00:00,M,IMP,TRD_VAL,CH,TOTAL,EU27_2020,2023-12,9342.5,
ESTAT:EXT_ST_EU27_2020SITC(1.0),21/05/24 11:00:00,M,IMP,TRD_VAL,CH,TOTAL,EU27_2020,2024-01,10911.3,
ESTAT:EXT_ST_EU27_2020SITC(1.0),21/05/24 11:00:00,M,IMP,TRD_VAL,CH,TOTAL,EU27_2020,2024-02,11113.3,
ESTAT:EXT_ST_EU27_2020SITC(1.0),21/05/24 11:00:00,M,IMP,TRD_VAL,CH,TOTAL,EU27_2020,2024-03,10750.3,
ESTAT:EXT_ST_EU27_2020SITC(1.0),21/05/24 11:00:00,M,IMP,TRD_VAL,CIS,TOTAL,EU27_2020,2023-06,7839.8,
ESTAT:EXT_ST_EU27_2020SITC(1.0),21/05/24 11:00:00,M,IMP,TRD_VAL,CIS,TOTAL,EU27_2020,2023-07,7850.7,
ESTAT:EXT_ST_EU27_2020SITC(1.0),21/05/24 11:00:00,M,IMP,TRD_VAL,CIS,TOTAL,EU27_2020,2023-08,7387.6,
ESTAT:EXT_ST_EU27_2020SITC(1.0),21/05/24 11:00:00,M,IMP,TRD_VAL,CIS,TOTAL,EU27_2020,2023-09,8411.0,
ESTAT:EXT_ST_EU27_2020SITC(1.0),21/05/24 11:00:00,M,IMP,TRD_VAL,CIS,TOTAL,EU27_2020,2023-10,8320.7,
ESTAT:EXT_ST_EU27_2020SITC(1.0),21/05/24 11:00:00,M,IMP,TRD_VAL,CIS,TOTAL,EU27_2020,2023-11,8363.1,
ESTAT:EXT_ST_EU27_2020SITC(1.0),21/05/24 11:00:00,M,IMP,TRD_VAL,CIS,TOTAL,EU27_2020,2023-12,8148.6,
ESTAT:EXT_ST_EU27_2020SITC(1.0),21/05/24 11:00:00,M,IMP,TRD_VAL,CIS,TOTAL,EU27_2020,2024-01,7378.3,
ESTAT:EXT_ST_EU27_2020SITC(1.0),21/05/24 11:00:00,M,IMP,TRD_VAL,CIS,TOTAL,EU27_2020,2024-02,8226.3,
ESTAT:EXT_ST_EU27_2020SITC(1.0),21/05/24 11:00:00,M,IMP,TRD_VAL,CIS,TOTAL,EU27_2020,2024-03,7318.6,
ESTAT:EXT_ST_EU27_2020SITC(1.0),21/05/24 11:00:00,M,IMP,TRD_VAL,CL,TOTAL,EU27_2020,2023-06,685.3,
ESTAT:EXT_ST_EU27_2020SITC(1.0),21/05/24 11:00:00,M,IMP,TRD_VAL,CL,TOTAL,EU27_2020,2023-07,741.4,
ESTAT:EXT_ST_EU27_2020SITC(1.0),21/05/24 11:00:00,M,IMP,TRD_VAL,CL,TOTAL,EU27_2020,2023-08,602.9,
ESTAT:EXT_ST_EU27_2020SITC(1.0),21/05/24 11:00:00,M,IMP,TRD_VAL,CL,TOTAL,EU27_2020,2023-09,508.5,
ESTAT:EXT_ST_EU27_2020SITC(1.0),21/05/24 11:00:00,M,IMP,TRD_VAL,CL,TOTAL,EU27_2020,2023-10,711.3,
ESTAT:EXT_ST_EU27_2020SITC(1.0),21/05/24 11:00:00,M,IMP,TRD_VAL,CL,TOTAL,EU27_2020,2023-11,579.5,
ESTAT:EXT_ST_EU27_2020SITC(1.0),21/05/24 11:00:00,M,IMP,TRD_VAL,CL,TOTAL,EU27_2020,2023-12,481.1,
ESTAT:EXT_ST_EU27_2020SITC(1.0),21/05/24 11:00:00,M,IMP,TRD_VAL,CL,TOTAL,EU27_2020,2024-01,737.4,
ESTAT:EXT_ST_EU27_2020SITC(1.0),21/05/24 11:00:00,M,IMP,TRD_VAL,CL,TOTAL,EU27_2020,2024-02,729.3,
ESTAT:EXT_ST_EU27_2020SITC(1.0),21/05/24 11:00:00,M,IMP,TRD_VAL,CL,TOTAL,EU27_2020,2024-03,609.9,
ESTAT:EXT_ST_EU27_2020SITC(1.0),21/05/24 11:00:00,M,IMP,TRD_VAL,CN_X_HK,TOTAL,EU27_2020,2023-06,43163.9,
ESTAT:EXT_ST_EU27_2020SITC(1.0),21/05/24 11:00:00,M,IMP,TRD_VAL,CN_X_HK,TOTAL,EU27_2020,2023-07,42624.6,
ESTAT:EXT_ST_EU27_2020SITC(1.0),21/05/24 11:00:00,M,IMP,TRD_VAL,CN_X_HK,TOTAL,EU27_2020,2023-08,40418.4,
ESTAT:EXT_ST_EU27_2020SITC(1.0),21/05/24 11:00:00,M,IMP,TRD_VAL,CN_X_HK,TOTAL,EU27_2020,2023-09,41948.1,
ESTAT:EXT_ST_EU27_2020SITC(1.0),21/05/24 11:00:00,M,IMP,TRD_VAL,CN_X_HK,TOTAL,EU27_2020,2023-10,46544.7,
ESTAT:EXT_ST_EU27_2020SITC(1.0),21/05/24 11:00:00,M,IMP,TRD_VAL,CN_X_HK,TOTAL,EU27_2020,2023-11,44070.0,
ESTAT:EXT_ST_EU27_2020SITC(1.0),21/05/24 11:00:00,M,IMP,TRD_VAL,CN_X_HK,TOTAL,EU27_2020,2023-12,36017.7,
ESTAT:EXT_ST_EU27_2020SITC(1.0),21/05/24 11:00:00,M,IMP,TRD_VAL,CN_X_HK,TOTAL,EU27_2020,2024-01,36898.0,
ESTAT:EXT_ST_EU27_2020SITC(1.0),21/05/24 11:00:00,M,IMP,TRD_VAL,CN_X_HK,TOTAL,EU27_2020,2024-02,37893.9,
ESTAT:EXT_ST_EU27_2020SITC(1.0),21/05/24 11:00:00,M,IMP,TRD_VAL,CN_X_HK,TOTAL,EU27_2020,2024-03,41174.1,
ESTAT:EXT_ST_EU27_2020SITC(1.0),21/05/24 11:00:00,M,IMP,TRD_VAL,DAE,TOTAL,EU27_2020,2023-06,16643.1,
ESTAT:EXT_ST_EU27_2020SITC(1.0),21/05/24 11:00:00,M,IMP,TRD_VAL,DAE,TOTAL,EU27_2020,2023-07,17530.6,
ESTAT:EXT_ST_EU27_2020SITC(1.0),21/05/24 11:00:00,M,IMP,TRD_VAL,DAE,TOTAL,EU27_2020,2023-08,16463.9,
ESTAT:EXT_ST_EU27_2020SITC(1.0),21/05/24 11:00:00,M,IMP,TRD_VAL,DAE,TOTAL,EU27_2020,2023-09,16162.7,
ESTAT:EXT_ST_EU27_2020SITC(1.0),21/05/24 11:00:00,M,IMP,TRD_VAL,DAE,TOTAL,EU27_2020,2023-10,17476.1,
ESTAT:EXT_ST_EU27_2020SITC(1.0),21/05/24 11:00:00,M,IMP,TRD_VAL,DAE,TOTAL,EU27_2020,2023-11,14768.4,
ESTAT:EXT_ST_EU27_2020SITC(1.0),21/05/24 11:00:00,M,IMP,TRD_VAL,DAE,TOTAL,EU27_2020,2023-12,14203.8,
ESTAT:EXT_ST_EU27_2020SITC(1.0),21/05/24 11:00:00,M,IMP,TRD_VAL,DAE,TOTAL,EU27_2020,2024-01,14403.9,
ESTAT:EXT_ST_EU27_2020SITC(1.0),21/05/24 11:00:00,M,IMP,TRD_VAL,DAE,TOTAL,EU27_2020,2024-02,13112.1,
ESTAT:EXT_ST_EU27_2020SITC(1.0),21/05/24 11:00:00,M,IMP,TRD_VAL,DAE,TOTAL,EU27_2020,2024-03,15035.0,
ESTAT:EXT_ST_EU27_2020SITC(1.0),21/05/24 11:00:00,M,IMP,TRD_VAL,DZ,TOTAL,EU27_2020,2023-06,2757.0,
ESTAT:EXT_ST_EU27_2020SITC(1.0),21/05/24 11:00:00,M,IMP,TRD_VAL,DZ,TOTAL,EU27_2020,2023-07,2548.8,
ESTAT:EXT_ST_EU27_2020SITC(1.0),21/05/24 11:00:00,M,IMP,TRD_VAL,DZ,TOTAL,EU27_2020,2023-08,2891.3,
ESTAT:EXT_ST_EU27_2020SITC(1.0),21/05/24 11:00:00,M,IMP,TRD_VAL,DZ,TOTAL,EU27_2020,2023-09,2724.1,
ESTAT:EXT_ST_EU27_2020SITC(1.0),21/05/24 11:00:00,M,IMP,TRD_VAL,DZ,TOTAL,EU27_2020,2023-10,3035.0,
ESTAT:EXT_ST_EU27_2020SITC(1.0),21/05/24 11:00:00,M,IMP,TRD_VAL,DZ,TOTAL,EU27_2020,2023-11,2702.5,
ESTAT:EXT_ST_EU27_2020SITC(1.0),21/05/24 11:00:00,M,IMP,TRD_VAL,DZ,TOTAL,EU27_2020,2023-12,2784.5,
ESTAT:EXT_ST_EU27_2020SITC(1.0),21/05/24 11:00:00,M,IMP,TRD_VAL,DZ,TOTAL,EU27_2020,2024-01,2606.6,
ESTAT:EXT_ST_EU27_2020SITC(1.0),21/05/24 11:00:00,M,IMP,TRD_VAL,DZ,TOTAL,EU27_2020,2024-02,2359.9,
ESTAT:EXT_ST_EU27_2020SITC(1.0),21/05/24 11:00:00,M,IMP,TRD_VAL,DZ,TOTAL,EU27_2020,2024-03,2480.7,
ESTAT:EXT_ST_EU27_2020SITC(1.0),21/05/24 11:00:00,M,IMP,TRD_VAL,EFTA,TOTAL,EU27_2020,2023-06,21386.1,
ESTAT:EXT_ST_EU27_2020SITC(1.0),21/05/24 11:00:00,M,IMP,TRD_VAL,EFTA,TOTAL,EU27_2020,2023-07,20278.4,
ESTAT:EXT_ST_EU27_2020SITC(1.0),21/05/24 11:00:00,M,IMP,TRD_VAL,EFTA,TOTAL,EU27_2020,2023-08,20579.7,
ESTAT:EXT_ST_EU27_2020SITC(1.0),21/05/24 11:00:00,M,IMP,TRD_VAL,EFTA,TOTAL,EU27_2020,2023-09,21278.8,
ESTAT:EXT_ST_EU27_2020SITC(1.0),21/05/24 11:00:00,M,IMP,TRD_VAL,EFTA,TOTAL,EU27_2020,2023-10,22395.4,
ESTAT:EXT_ST_EU27_2020SITC(1.0),21/05/24 11:00:00,M,IMP,TRD_VAL,EFTA,TOTAL,EU27_2020,2023-11,23256.3,
ESTAT:EXT_ST_EU27_2020SITC(1.0),21/05/24 11:00:00,M,IMP,TRD_VAL,EFTA,TOTAL,EU27_2020,2023-12,19409.8,
ESTAT:EXT_ST_EU27_2020SITC(1.0),21/05/24 11:00:00,M,IMP,TRD_VAL,EFTA,TOTAL,EU27_2020,2024-01,21050.4,
ESTAT:EXT_ST_EU27_2020SITC(1.0),21/05/24 11:00:00,M,IMP,TRD_VAL,EFTA,TOTAL,EU27_2020,2024-02,20652.2,
ESTAT:EXT_ST_EU27_2020SITC(1.0),21/05/24 11:00:00,M,IMP,TRD_VAL,EFTA,TOTAL,EU27_2020,2024-03,20084.7,
ESTAT:EXT_ST_EU27_2020SITC(1.0),21/05/24 11:00:00,M,IMP,TRD_VAL,EG,TOTAL,EU27_2020,2023-06,1027.0,
ESTAT:EXT_ST_EU27_2020SITC(1.0),21/05/24 11:00:00,M,IMP,TRD_VAL,EG,TOTAL,EU27_2020,2023-07,800.9,
ESTAT:EXT_ST_EU27_2020SITC(1.0),21/05/24 11:00:00,M,IMP,TRD_VAL,EG,TOTAL,EU27_2020,2023-08,792.0,
ESTAT:EXT_ST_EU27_2020SITC(1.0),21/05/24 11:00:00,M,IMP,TRD_VAL,EG,TOTAL,EU27_2020,2023-09,731.2,
ESTAT:EXT_ST_EU27_2020SITC(1.0),21/05/24 11:00:00,M,IMP,TRD_VAL,EG,TOTAL,EU27_2020,2023-10,948.9,
ESTAT:EXT_ST_EU27_2020SITC(1.0),21/05/24 11:00:00,M,IMP,TRD_VAL,EG,TOTAL,EU27_2020,2023-11,820.5,
ESTAT:EXT_ST_EU27_2020SITC(1.0),21/05/24 11:00:00,M,IMP,TRD_VAL,EG,TOTAL,EU27_2020,2023-12,681.6,
ESTAT:EXT_ST_EU27_2020SITC(1.0),21/05/24 11:00:00,M,IMP,TRD_VAL,EG,TOTAL,EU27_2020,2024-01,1085.1,
ESTAT:EXT_ST_EU27_2020SITC(1.0),21/05/24 11:00:00,M,IMP,TRD_VAL,EG,TOTAL,EU27_2020,2024-02,905.3,
ESTAT:EXT_ST_EU27_2020SITC(1.0),21/05/24 11:00:00,M,IMP,TRD_VAL,EG,TOTAL,EU27_2020,2024-03,1345.7,
ESTAT:EXT_ST_EU27_2020SITC(1.0),21/05/24 11:00:00,M,IMP,TRD_VAL,EU27_2020,TOTAL,EU27_2020,2023-06,356005.3,
ESTAT:EXT_ST_EU27_2020SITC(1.0),21/05/24 11:00:00,M,IMP,TRD_VAL,EU27_2020,TOTAL,EU27_2020,2023-07,315212.5,
ESTAT:EXT_ST_EU27_2020SITC(1.0),21/05/24 11:00:00,M,IMP,TRD_VAL,EU27_2020,TOTAL,EU27_2020,2023-08,299310.6,
ESTAT:EXT_ST_EU27_2020SITC(1.0),21/05/24 11:00:00,M,IMP,TRD_VAL,EU27_2020,TOTAL,EU27_2020,2023-09,331599.0,
ESTAT:EXT_ST_EU27_2020SITC(1.0),21/05/24 11:00:00,M,IMP,TRD_VAL,EU27_2020,TOTAL,EU27_2020,2023-10,344966.1,
ESTAT:EXT_ST_EU27_2020SITC(1.0),21/05/24 11:00:00,M,IMP,TRD_VAL,EU27_2020,TOTAL,EU27_2020,2023-11,352314.3,
ESTAT:EXT_ST_EU27_2020SITC(1.0),21/05/24 11:00:00,M,IMP,TRD_VAL,EU27_2020,TOTAL,EU27_2020,2023-12,299721.5,
ESTAT:EXT_ST_EU27_2020SITC(1.0),21/05/24 11:00:00,M,IMP,TRD_VAL,EU27_2020,TOTAL,EU27_2020,2024-01,313245.2,
ESTAT:EXT_ST_EU27_2020SITC(1.0),21/05/24 11:00:00,M,IMP,TRD_VAL,EU27_2020,TOTAL,EU27_2020,2024-02,326177.1,
ESTAT:EXT_ST_EU27_2020SITC(1.0),21/05/24 11:00:00,M,IMP,TRD_VAL,EU27_2020,TOTAL,EU27_2020,2024-03,336340.0,
ESTAT:EXT_ST_EU27_2020SITC(1.0),21/05/24 11:00:00,M,IMP,TRD_VAL,EUR_NEU27_2020,TOTAL,EU27_2020,2023-06,52923.5,
ESTAT:EXT_ST_EU27_2020SITC(1.0),21/05/24 11:00:00,M,IMP,TRD_VAL,EUR_NEU27_2020,TOTAL,EU27_2020,2023-07,50367.9,
ESTAT:EXT_ST_EU27_2020SITC(1.0),21/05/24 11:00:00,M,IMP,TRD_VAL,EUR_NEU27_2020,TOTAL,EU27_2020,2023-08,49859.0,
ESTAT:EXT_ST_EU27_2020SITC(1.0),21/05/24 11:00:00,M,IMP,TRD_VAL,EUR_NEU27_2020,TOTAL,EU27_2020,2023-09,52351.5,
ESTAT:EXT_ST_EU27_2020SITC(1.0),21/05/24 11:00:00,M,IMP,TRD_VAL,EUR_NEU27_2020,TOTAL,EU27_2020,2023-10,54022.3,
ESTAT:EXT_ST_EU27_2020SITC(1.0),21/05/24 11:00:00,M,IMP,TRD_VAL,EUR_NEU27_2020,TOTAL,EU27_2020,2023-11,55266.0,
ESTAT:EXT_ST_EU27_2020SITC(1.0),21/05/24 11:00:00,M,IMP,TRD_VAL,EUR_NEU27_2020,TOTAL,EU27_2020,2023-12,47584.2,
ESTAT:EXT_ST_EU27_2020SITC(1.0),21/05/24 11:00:00,M,IMP,TRD_VAL,EUR_NEU27_2020,TOTAL,EU27_2020,2024-01,51492.5,
ESTAT:EXT_ST_EU27_2020SITC(1.0),21/05/24 11:00:00,M,IMP,TRD_VAL,EUR_NEU27_2020,TOTAL,EU27_2020,2024-02,50819.3,
ESTAT:EXT_ST_EU27_2020SITC(1.0),21/05/24 11:00:00,M,IMP,TRD_VAL,EUR_NEU27_2020,TOTAL,EU27_2020,2024-03,50439.3,
ESTAT:EXT_ST_EU27_2020SITC(1.0),21/05/24 11:00:00,M,IMP,TRD_VAL,EXT_EU27_2020,TOTAL,EU27_2020,2023-06,207455.0,
ESTAT:EXT_ST_EU27_2020SITC(1.0),21/05/24 11:00:00,M,IMP,TRD_VAL,EXT_EU27_2020,TOTAL,EU27_2020,2023-07,201438.4,
ESTAT:EXT_ST_EU27_2020SITC(1.0),21/05/24 11:00:00,M,IMP,TRD_VAL,EXT_EU27_2020,TOTAL,EU27_2020,2023-08,198625.2,
ESTAT:EXT_ST_EU27_2020SITC(1.0),21/05/24 11:00:00,M,IMP,TRD_VAL,EXT_EU27_2020,TOTAL,EU27_2020,2023-09,203513.5,
ESTAT:EXT_ST_EU27_2020SITC(1.0),21/05/24 11:00:00,M,IMP,TRD_VAL,EXT_EU27_2020,TOTAL,EU27_2020,2023-10,216493.8,
ESTAT:EXT_ST_EU27_2020SITC(1.0),21/05/24 11:00:00,M,IMP,TRD_VAL,EXT_EU27_2020,TOTAL,EU27_2020,2023-11,208687.7,
ESTAT:EXT_ST_EU27_2020SITC(1.0),21/05/24 11:00:00,M,IMP,TRD_VAL,EXT_EU27_2020,TOTAL,EU27_2020,2023-12,185419.0,
ESTAT:EXT_ST_EU27_2020SITC(1.0),21/05/24 11:00:00,M,IMP,TRD_VAL,EXT_EU27_2020,TOTAL,EU27_2020,2024-01,193215.4,
ESTAT:EXT_ST_EU27_2020SITC(1.0),21/05/24 11:00:00,M,IMP,TRD_VAL,EXT_EU27_2020,TOTAL,EU27_2020,2024-02,188937.9,
ESTAT:EXT_ST_EU27_2020SITC(1.0),21/05/24 11:00:00,M,IMP,TRD_VAL,EXT_EU27_2020,TOTAL,EU27_2020,2024-03,197934.9,
ESTAT:EXT_ST_EU27_2020SITC(1.0),21/05/24 11:00:00,M,IMP,TRD_VAL,HK,TOTAL,EU27_2020,2023-06,654.9,
ESTAT:EXT_ST_EU27_2020SITC(1.0),21/05/24 11:00:00,M,IMP,TRD_VAL,HK,TOTAL,EU27_2020,2023-07,841.5,
ESTAT:EXT_ST_EU27_2020SITC(1.0),21/05/24 11:00:00,M,IMP,TRD_VAL,HK,TOTAL,EU27_2020,2023-08,342.3,
ESTAT:EXT_ST_EU27_2020SITC(1.0),21/05/24 11:00:00,M,IMP,TRD_VAL,HK,TOTAL,EU27_2020,2023-09,380.8,
ESTAT:EXT_ST_EU27_2020SITC(1.0),21/05/24 11:00:00,M,IMP,TRD_VAL,HK,TOTAL,EU27_2020,2023-10,406.0,
ESTAT:EXT_ST_EU27_2020SITC(1.0),21/05/24 11:00:00,M,IMP,TRD_VAL,HK,TOTAL,EU27_2020,2023-11,340.6,
ESTAT:EXT_ST_EU27_2020SITC(1.0),21/05/24 11:00:00,M,IMP,TRD_VAL,HK,TOTAL,EU27_2020,2023-12,322.6,
ESTAT:EXT_ST_EU27_2020SITC(1.0),21/05/24 11:00:00,M,IMP,TRD_VAL,HK,TOTAL,EU27_2020,2024-01,343.4,
ESTAT:EXT_ST_EU27_2020SITC(1.0),21/05/24 11:00:00,M,IMP,TRD_VAL,HK,TOTAL,EU27_2020,2024-02,296.6,
ESTAT:EXT_ST_EU27_2020SITC(1.0),21/05/24 11:00:00,M,IMP,TRD_VAL,HK,TOTAL,EU27_2020,2024-03,372.6,
ESTAT:EXT_ST_EU27_2020SITC(1.0),21/05/24 11:00:00,M,IMP,TRD_VAL,ID,TOTAL,EU27_2020,2023-06,1471.2,
ESTAT:EXT_ST_EU27_2020SITC(1.0),21/05/24 11:00:00,M,IMP,TRD_VAL,ID,TOTAL,EU27_2020,2023-07,1458.1,
ESTAT:EXT_ST_EU27_2020SITC(1.0),21/05/24 11:00:00,M,IMP,TRD_VAL,ID,TOTAL,EU27_2020,2023-08,1503.2,
ESTAT:EXT_ST_EU27_2020SITC(1.0),21/05/24 11:00:00,M,IMP,TRD_VAL,ID,TOTAL,EU27_2020,2023-09,1408.0,
ESTAT:EXT_ST_EU27_2020SITC(1.0),21/05/24 11:00:00,M,IMP,TRD_VAL,ID,TOTAL,EU27_2020,2023-10,1405.5,
ESTAT:EXT_ST_EU27_2020SITC(1.0),21/05/24 11:00:00,M,IMP,TRD_VAL,ID,TOTAL,EU27_2020,2023-11,1483.3,
ESTAT:EXT_ST_EU27_2020SITC(1.0),21/05/24 11:00:00,M,IMP,TRD_VAL,ID,TOTAL,EU27_2020,2023-12,1087.2,
ESTAT:EXT_ST_EU27_2020SITC(1.0),21/05/24 11:00:00,M,IMP,TRD_VAL,ID,TOTAL,EU27_2020,2024-01,1209.9,
ESTAT:EXT_ST_EU27_2020SITC(1.0),21/05/24 11:00:00,M,IMP,TRD_VAL,ID,TOTAL,EU27_2020,2024-02,1221.2,
ESTAT:EXT_ST_EU27_2020SITC(1.0),21/05/24 11:00:00,M,IMP,TRD_VAL,ID,TOTAL,EU27_2020,2024-03,1299.8,
ESTAT:EXT_ST_EU27_2020SITC(1.0),21/05/24 11:00:00,M,IMP,TRD_VAL,IL,TOTAL,EU27_2020,2023-06,1240.5,
ESTAT:EXT_ST_EU27_2020SITC(1.0),21/05/24 11:00:00,M,IMP,TRD_VAL,IL,TOTAL,EU27_2020,2023-07,1273.6,
ESTAT:EXT_ST_EU27_2020SITC(1.0),21/05/24 11:00:00,M,IMP,TRD_VAL,IL,TOTAL,EU27_2020,2023-08,1206.9,
ESTAT:EXT_ST_EU27_2020SITC(1.0),21/05/24 11:00:00,M,IMP,TRD_VAL,IL,TOTAL,EU27_2020,2023-09,1292.1,
ESTAT:EXT_ST_EU27_2020SITC(1.0),21/05/24 11:00:00,M,IMP,TRD_VAL,IL,TOTAL,EU27_2020,2023-10,1238.3,
ESTAT:EXT_ST_EU27_2020SITC(1.0),21/05/24 11:00:00,M,IMP,TRD_VAL,IL,TOTAL,EU27_2020,2023-11,1319.8,
ESTAT:EXT_ST_EU27_2020SITC(1.0),21/05/24 11:00:00,M,IMP,TRD_VAL,IL,TOTAL,EU27_2020,2023-12,1292.9,
ESTAT:EXT_ST_EU27_2020SITC(1.0),21/05/24 11:00:00,M,IMP,TRD_VAL,IL,TOTAL,EU27_2020,2024-01,1354.7,
ESTAT:EXT_ST_EU27_2020SITC(1.0),21/05/24 11:00:00,M,IMP,TRD_VAL,IL,TOTAL,EU27_2020,2024-02,1340.7,
ESTAT:EXT_ST_EU27_2020SITC(1.0),21/05/24 11:00:00,M,IMP,TRD_VAL,IL,TOTAL,EU27_2020,2024-03,1360.3,
ESTAT:EXT_ST_EU27_2020SITC(1.0),21/05/24 11:00:00,M,IMP,TRD_VAL,IN,TOTAL,EU27_2020,2023-06,5453.9,
ESTAT:EXT_ST_EU27_2020SITC(1.0),21/05/24 11:00:00,M,IMP,TRD_VAL,IN,TOTAL,EU27_2020,2023-07,5340.6,
ESTAT:EXT_ST_EU27_2020SITC(1.0),21/05/24 11:00:00,M,IMP,TRD_VAL,IN,TOTAL,EU27_2020,2023-08,5633.6,
ESTAT:EXT_ST_EU27_2020SITC(1.0),21/05/24 11:00:00,M,IMP,TRD_VAL,IN,TOTAL,EU27_2020,2023-09,5629.4,
ESTAT:EXT_ST_EU27_2020SITC(1.0),21/05/24 11:00:00,M,IMP,TRD_VAL,IN,TOTAL,EU27_2020,2023-10,5415.0,
ESTAT:EXT_ST_EU27_2020SITC(1.0),21/05/24 11:00:00,M,IMP,TRD_VAL,IN,TOTAL,EU27_2020,2023-11,5325.2,
ESTAT:EXT_ST_EU27_2020SITC(1.0),21/05/24 11:00:00,M,IMP,TRD_VAL,IN,TOTAL,EU27_2020,2023-12,4135.4,
ESTAT:EXT_ST_EU27_2020SITC(1.0),21/05/24 11:00:00,M,IMP,TRD_VAL,IN,TOTAL,EU27_2020,2024-01,5357.3,
ESTAT:EXT_ST_EU27_2020SITC(1.0),21/05/24 11:00:00,M,IMP,TRD_VAL,IN,TOTAL,EU27_2020,2024-02,5026.8,
ESTAT:EXT_ST_EU27_2020SITC(1.0),21/05/24 11:00:00,M,IMP,TRD_VAL,IN,TOTAL,EU27_2020,2024-03,5842.3,
ESTAT:EXT_ST_EU27_2020SITC(1.0),21/05/24 11:00:00,M,IMP,TRD_VAL,IR,TOTAL,EU27_2020,2023-06,68.8,
ESTAT:EXT_ST_EU27_2020SITC(1.0),21/05/24 11:00:00,M,IMP,TRD_VAL,IR,TOTAL,EU27_2020,2023-07,56.6,
ESTAT:EXT_ST_EU27_2020SITC(1.0),21/05/24 11:00:00,M,IMP,TRD_VAL,IR,TOTAL,EU27_2020,2023-08,54.7,
ESTAT:EXT_ST_EU27_2020SITC(1.0),21/05/24 11:00:00,M,IMP,TRD_VAL,IR,TOTAL,EU27_2020,2023-09,57.7,
ESTAT:EXT_ST_EU27_2020SITC(1.0),21/05/24 11:00:00,M,IMP,TRD_VAL,IR,TOTAL,EU27_2020,2023-10,59.5,
ESTAT:EXT_ST_EU27_2020SITC(1.0),21/05/24 11:00:00,M,IMP,TRD_VAL,IR,TOTAL,EU27_2020,2023-11,83.5,
ESTAT:EXT_ST_EU27_2020SITC(1.0),21/05/24 11:00:00,M,IMP,TRD_VAL,IR,TOTAL,EU27_2020,2023-12,62.7,
ESTAT:EXT_ST_EU27_2020SITC(1.0),21/05/24 11:00:00,M,IMP,TRD_VAL,IR,TOTAL,EU27_2020,2024-01,68.5,
ESTAT:EXT_ST_EU27_2020SITC(1.0),21/05/24 11:00:00,M,IMP,TRD_VAL,IR,TOTAL,EU27_2020,2024-02,76.0,
ESTAT:EXT_ST_EU27_2020SITC(1.0),21/05/24 11:00:00,M,IMP,TRD_VAL,IR,TOTAL,EU27_2020,2024-03,72.1,
ESTAT:EXT_ST_EU27_2020SITC(1.0),21/05/24 11:00:00,M,IMP,TRD_VAL,JP,TOTAL,EU27_2020,2023-06,5832.9,
ESTAT:EXT_ST_EU27_2020SITC(1.0),21/05/24 11:00:00,M,IMP,TRD_VAL,JP,TOTAL,EU27_2020,2023-07,5824.1,
ESTAT:EXT_ST_EU27_2020SITC(1.0),21/05/24 11:00:00,M,IMP,TRD_VAL,JP,TOTAL,EU27_2020,2023-08,5559.1,
ESTAT:EXT_ST_EU27_2020SITC(1.0),21/05/24 11:00:00,M,IMP,TRD_VAL,JP,TOTAL,EU27_2020,2023-09,5805.3,
ESTAT:EXT_ST_EU27_2020SITC(1.0),21/05/24 11:00:00,M,IMP,TRD_VAL,JP,TOTAL,EU27_2020,2023-10,6367.5,
ESTAT:EXT_ST_EU27_2020SITC(1.0),21/05/24 11:00:00,M,IMP,TRD_VAL,JP,TOTAL,EU27_2020,2023-11,5312.2,
ESTAT:EXT_ST_EU27_2020SITC(1.0),21/05/24 11:00:00,M,IMP,TRD_VAL,JP,TOTAL,EU27_2020,2023-12,4943.0,
ESTAT:EXT_ST_EU27_2020SITC(1.0),21/05/24 11:00:00,M,IMP,TRD_VAL,JP,TOTAL,EU27_2020,2024-01,5513.3,
ESTAT:EXT_ST_EU27_2020SITC(1.0),21/05/24 11:00:00,M,IMP,TRD_VAL,JP,TOTAL,EU27_2020,2024-02,5390.3,
ESTAT:EXT_ST_EU27_2020SITC(1.0),21/05/24 11:00:00,M,IMP,TRD_VAL,JP,TOTAL,EU27_2020,2024-03,5422.0,
ESTAT:EXT_ST_EU27_2020SITC(1.0),21/05/24 11:00:00,M,IMP,TRD_VAL,KR,TOTAL,EU27_2020,2023-06,6270.3,
ESTAT:EXT_ST_EU27_2020SITC(1.0),21/05/24 11:00:00,M,IMP,TRD_VAL,KR,TOTAL,EU27_2020,2023-07,5709.8,
ESTAT:EXT_ST_EU27_2020SITC(1.0),21/05/24 11:00:00,M,IMP,TRD_VAL,KR,TOTAL,EU27_2020,2023-08,5959.6,
ESTAT:EXT_ST_EU27_2020SITC(1.0),21/05/24 11:00:00,M,IMP,TRD_VAL,KR,TOTAL,EU27_2020,2023-09,6462.8,
ESTAT:EXT_ST_EU27_2020SITC(1.0),21/05/24 11:00:00,M,IMP,TRD_VAL,KR,TOTAL,EU27_2020,2023-10,6776.1,
ESTAT:EXT_ST_EU27_2020SITC(1.0),21/05/24 11:00:00,M,IMP,TRD_VAL,KR,TOTAL,EU27_2020,2023-11,5359.8,
ESTAT:EXT_ST_EU27_2020SITC(1.0),21/05/24 11:00:00,M,IMP,TRD_VAL,KR,TOTAL,EU27_2020,2023-12,4805.8,
ESTAT:EXT_ST_EU27_2020SITC(1.0),21/05/24 11:00:00,M,IMP,TRD_VAL,KR,TOTAL,EU27_2020,2024-01,4828.8,
ESTAT:EXT_ST_EU27_2020SITC(1.0),21/05/24 11:00:00,M,IMP,TRD_VAL,KR,TOTAL,EU27_2020,2024-02,4615.8,
ESTAT:EXT_ST_EU27_2020SITC(1.0),21/05/24 11:00:00,M,IMP,TRD_VAL,KR,TOTAL,EU27_2020,2024-03,5485.4,
ESTAT:EXT_ST_EU27_2020SITC(1.0),21/05/24 11:00:00,M,IMP,TRD_VAL,KZ,TOTAL,EU27_2020,2023-06,2415.8,
ESTAT:EXT_ST_EU27_2020SITC(1.0),21/05/24 11:00:00,M,IMP,TRD_VAL,KZ,TOTAL,EU27_2020,2023-07,2387.1,
ESTAT:EXT_ST_EU27_2020SITC(1.0),21/05/24 11:00:00,M,IMP,TRD_VAL,KZ,TOTAL,EU27_2020,2023-08,2116.1,
ESTAT:EXT_ST_EU27_2020SITC(1.0),21/05/24 11:00:00,M,IMP,TRD_VAL,KZ,TOTAL,EU27_2020,2023-09,2298.1,
ESTAT:EXT_ST_EU27_2020SITC(1.0),21/05/24 11:00:00,M,IMP,TRD_VAL,KZ,TOTAL,EU27_2020,2023-10,2668.9,
ESTAT:EXT_ST_EU27_2020SITC(1.0),21/05/24 11:00:00,M,IMP,TRD_VAL,KZ,TOTAL,EU27_2020,2023-11,2594.4,
ESTAT:EXT_ST_EU27_2020SITC(1.0),21/05/24 11:00:00,M,IMP,TRD_VAL,KZ,TOTAL,EU27_2020,2023-12,2484.4,
ESTAT:EXT_ST_EU27_2020SITC(1.0),21/05/24 11:00:00,M,IMP,TRD_VAL,KZ,TOTAL,EU27_2020,2024-01,2402.5,
ESTAT:EXT_ST_EU27_2020SITC(1.0),21/05/24 11:00:00,M,IMP,TRD_VAL,KZ,TOTAL,EU27_2020,2024-02,3347.5,
ESTAT:EXT_ST_EU27_2020SITC(1.0),21/05/24 11:00:00,M,IMP,TRD_VAL,KZ,TOTAL,EU27_2020,2024-03,2525.3,
ESTAT:EXT_ST_EU27_2020SITC(1.0),21/05/24 11:00:00,M,IMP,TRD_VAL,LY,TOTAL,EU27_2020,2023-06,1989.2,
ESTAT:EXT_ST_EU27_2020SITC(1.0),21/05/24 11:00:00,M,IMP,TRD_VAL,LY,TOTAL,EU27_2020,2023-07,1724.6,
ESTAT:EXT_ST_EU27_2020SITC(1.0),21/05/24 11:00:00,M,IMP,TRD_VAL,LY,TOTAL,EU27_2020,2023-08,1939.6,
ESTAT:EXT_ST_EU27_2020SITC(1.0),21/05/24 11:00:00,M,IMP,TRD_VAL,LY,TOTAL,EU27_2020,2023-09,2005.5,
ESTAT:EXT_ST_EU27_2020SITC(1.0),21/05/24 11:00:00,M,IMP,TRD_VAL,LY,TOTAL,EU27_2020,2023-10,2028.7,
ESTAT:EXT_ST_EU27_2020SITC(1.0),21/05/24 11:00:00,M,IMP,TRD_VAL,LY,TOTAL,EU27_2020,2023-11,2038.7,
ESTAT:EXT_ST_EU27_2020SITC(1.0),21/05/24 11:00:00,M,IMP,TRD_VAL,LY,TOTAL,EU27_2020,2023-12,2076.4,
ESTAT:EXT_ST_EU27_2020SITC(1.0),21/05/24 11:00:00,M,IMP,TRD_VAL,LY,TOTAL,EU27_2020,2024-01,1875.0,
ESTAT:EXT_ST_EU27_2020SITC(1.0),21/05/24 11:00:00,M,IMP,TRD_VAL,LY,TOTAL,EU27_2020,2024-02,1495.3,
ESTAT:EXT_ST_EU27_2020SITC(1.0),21/05/24 11:00:00,M,IMP,TRD_VAL,LY,TOTAL,EU27_2020,2024-03,1832.0,
ESTAT:EXT_ST_EU27_2020SITC(1.0),21/05/24 11:00:00,M,IMP,TRD_VAL,MA,TOTAL,EU27_2020,2023-06,2075.6,
ESTAT:EXT_ST_EU27_2020SITC(1.0),21/05/24 11:00:00,M,IMP,TRD_VAL,MA,TOTAL,EU27_2020,2023-07,1600.5,
ESTAT:EXT_ST_EU27_2020SITC(1.0),21/05/24 11:00:00,M,IMP,TRD_VAL,MA,TOTAL,EU27_2020,2023-08,1546.9,
ESTAT:EXT_ST_EU27_2020SITC(1.0),21/05/24 11:00:00,M,IMP,TRD_VAL,MA,TOTAL,EU27_2020,2023-09,1847.3,
ESTAT:EXT_ST_EU27_2020SITC(1.0),21/05/24 11:00:00,M,IMP,TRD_VAL,MA,TOTAL,EU27_2020,2023-10,1972.1,
ESTAT:EXT_ST_EU27_2020SITC(1.0),21/05/24 11:00:00,M,IMP,TRD_VAL,MA,TOTAL,EU27_2020,2023-11,2189.6,
ESTAT:EXT_ST_EU27_2020SITC(1.0),21/05/24 11:00:00,M,IMP,TRD_VAL,MA,TOTAL,EU27_2020,2023-12,2043.1,
ESTAT:EXT_ST_EU27_2020SITC(1.0),21/05/24 11:00:00,M,IMP,TRD_VAL,MA,TOTAL,EU27_2020,2024-01,1925.2,
ESTAT:EXT_ST_EU27_2020SITC(1.0),21/05/24 11:00:00,M,IMP,TRD_VAL,MA,TOTAL,EU27_2020,2024-02,2227.8,
ESTAT:EXT_ST_EU27_2020SITC(1.0),21/05/24 11:00:00,M,IMP,TRD_VAL,MA,TOTAL,EU27_2020,2024-03,2188.1,
ESTAT:EXT_ST_EU27_2020SITC(1.0),21/05/24 11:00:00,M,IMP,TRD_VAL,MED_X_HR,TOTAL,EU27_2020,2023-06,22004.3,
ESTAT:EXT_ST_EU27_2020SITC(1.0),21/05/24 11:00:00,M,IMP,TRD_VAL,MED_X_HR,TOTAL,EU27_2020,2023-07,19345.8,
ESTAT:EXT_ST_EU27_2020SITC(1.0),21/05/24 11:00:00,M,IMP,TRD_VAL,MED_X_HR,TOTAL,EU27_2020,2023-08,19303.5,
ESTAT:EXT_ST_EU27_2020SITC(1.0),21/05/24 11:00:00,M,IMP,TRD_VAL,MED_X_HR,TOTAL,EU27_2020,2023-09,20193.4,
ESTAT:EXT_ST_EU27_2020SITC(1.0),21/05/24 11:00:00,M,IMP,TRD_VAL,MED_X_HR,TOTAL,EU27_2020,2023-10,22151.2,
ESTAT:EXT_ST_EU27_2020SITC(1.0),21/05/24 11:00:00,M,IMP,TRD_VAL,MED_X_HR,TOTAL,EU27_2020,2023-11,21745.3,
ESTAT:EXT_ST_EU27_2020SITC(1.0),21/05/24 11:00:00,M,IMP,TRD_VAL,MED_X_HR,TOTAL,EU27_2020,2023-12,19922.7,
ESTAT:EXT_ST_EU27_2020SITC(1.0),21/05/24 11:00:00,M,IMP,TRD_VAL,MED_X_HR,TOTAL,EU27_2020,2024-01,21014.5,
ESTAT:EXT_ST_EU27_2020SITC(1.0),21/05/24 11:00:00,M,IMP,TRD_VAL,MED_X_HR,TOTAL,EU27_2020,2024-02,20321.6,
ESTAT:EXT_ST_EU27_2020SITC(1.0),21/05/24 11:00:00,M,IMP,TRD_VAL,MED_X_HR,TOTAL,EU27_2020,2024-03,21470.4,
ESTAT:EXT_ST_EU27_2020SITC(1.0),21/05/24 11:00:00,M,IMP,TRD_VAL,MX,TOTAL,EU27_2020,2023-06,2347.8,
ESTAT:EXT_ST_EU27_2020SITC(1.0),21/05/24 11:00:00,M,IMP,TRD_VAL,MX,TOTAL,EU27_2020,2023-07,2237.4,
ESTAT:EXT_ST_EU27_2020SITC(1.0),21/05/24 11:00:00,M,IMP,TRD_VAL,MX,TOTAL,EU27_2020,2023-08,2334.8,
ESTAT:EXT_ST_EU27_2020SITC(1.0),21/05/24 11:00:00,M,IMP,TRD_VAL,MX,TOTAL,EU27_2020,2023-09,2250.8,
ESTAT:EXT_ST_EU27_2020SITC(1.0),21/05/24 11:00:00,M,IMP,TRD_VAL,MX,TOTAL,EU27_2020,2023-10,2402.3,
ESTAT:EXT_ST_EU27_2020SITC(1.0),21/05/24 11:00:00,M,IMP,TRD_VAL,MX,TOTAL,EU27_2020,2023-11,2362.3,
ESTAT:EXT_ST_EU27_2020SITC(1.0),21/05/24 11:00:00,M,IMP,TRD_VAL,MX,TOTAL,EU27_2020,2023-12,2110.7,
ESTAT:EXT_ST_EU27_2020SITC(1.0),21/05/24 11:00:00,M,IMP,TRD_VAL,MX,TOTAL,EU27_2020,2024-01,2539.0,
ESTAT:EXT_ST_EU27_2020SITC(1.0),21/05/24 11:00:00,M,IMP,TRD_VAL,MX,TOTAL,EU27_2020,2024-02,2252.4,
ESTAT:EXT_ST_EU27_2020SITC(1.0),21/05/24 11:00:00,M,IMP,TRD_VAL,MX,TOTAL,EU27_2020,2024-03,2341.7,
ESTAT:EXT_ST_EU27_2020SITC(1.0),21/05/24 11:00:00,M,IMP,TRD_VAL,MY,TOTAL,EU27_2020,2023-06,2504.2,
ESTAT:EXT_ST_EU27_2020SITC(1.0),21/05/24 11:00:00,M,IMP,TRD_VAL,MY,TOTAL,EU27_2020,2023-07,2137.8,
ESTAT:EXT_ST_EU27_2020SITC(1.0),21/05/24 11:00:00,M,IMP,TRD_VAL,MY,TOTAL,EU27_2020,2023-08,2345.4,
ESTAT:EXT_ST_EU27_2020SITC(1.0),21/05/24 11:00:00,M,IMP,TRD_VAL,MY,TOTAL,EU27_2020,2023-09,2307.7,
ESTAT:EXT_ST_EU27_2020SITC(1.0),21/05/24 11:00:00,M,IMP,TRD_VAL,MY,TOTAL,EU27_2020,2023-10,2491.3,
ESTAT:EXT_ST_EU27_2020SITC(1.0),21/05/24 11:00:00,M,IMP,TRD_VAL,MY,TOTAL,EU27_2020,2023-11,2351.4,
ESTAT:EXT_ST_EU27_2020SITC(1.0),21/05/24 11:00:00,M,IMP,TRD_VAL,MY,TOTAL,EU27_2020,2023-12,2091.5,
ESTAT:EXT_ST_EU27_2020SITC(1.0),21/05/24 11:00:00,M,IMP,TRD_VAL,MY,TOTAL,EU27_2020,2024-01,2288.1,
ESTAT:EXT_ST_EU27_2020SITC(1.0),21/05/24 11:00:00,M,IMP,TRD_VAL,MY,TOTAL,EU27_2020,2024-02,2076.8,
ESTAT:EXT_ST_EU27_2020SITC(1.0),21/05/24 11:00:00,M,IMP,TRD_VAL,MY,TOTAL,EU27_2020,2024-03,2149.5,
ESTAT:EXT_ST_EU27_2020SITC(1.0),21/05/24 11:00:00,M,IMP,TRD_VAL,NAFTA,TOTAL,EU27_2020,2023-06,33111.8,
ESTAT:EXT_ST_EU27_2020SITC(1.0),21/05/24 11:00:00,M,IMP,TRD_VAL,NAFTA,TOTAL,EU27_2020,2023-07,32655.7,
ESTAT:EXT_ST_EU27_2020SITC(1.0),21/05/24 11:00:00,M,IMP,TRD_VAL,NAFTA,TOTAL,EU27_2020,2023-08,32095.1,
ESTAT:EXT_ST_EU27_2020SITC(1.0),21/05/24 11:00:00,M,IMP,TRD_VAL,NAFTA,TOTAL,EU27_2020,2023-09,32724.3,
ESTAT:EXT_ST_EU27_2020SITC(1.0),21/05/24 11:00:00,M,IMP,TRD_VAL,NAFTA,TOTAL,EU27_2020,2023-10,33566.0,
ESTAT:EXT_ST_EU27_2020SITC(1.0),21/05/24 11:00:00,M,IMP,TRD_VAL,NAFTA,TOTAL,EU27_2020,2023-11,34927.1,
ESTAT:EXT_ST_EU27_2020SITC(1.0),21/05/24 11:00:00,M,IMP,TRD_VAL,NAFTA,TOTAL,EU27_2020,2023-12,33197.8,
ESTAT:EXT_ST_EU27_2020SITC(1.0),21/05/24 11:00:00,M,IMP,TRD_VAL,NAFTA,TOTAL,EU27_2020,2024-01,32970.2,
ESTAT:EXT_ST_EU27_2020SITC(1.0),21/05/24 11:00:00,M,IMP,TRD_VAL,NAFTA,TOTAL,EU27_2020,2024-02,32052.0,
ESTAT:EXT_ST_EU27_2020SITC(1.0),21/05/24 11:00:00,M,IMP,TRD_VAL,NAFTA,TOTAL,EU27_2020,2024-03,32130.8,
ESTAT:EXT_ST_EU27_2020SITC(1.0),21/05/24 11:00:00,M,IMP,TRD_VAL,NG,TOTAL,EU27_2020,2023-06,2071.4,
ESTAT:EXT_ST_EU27_2020SITC(1.0),21/05/24 11:00:00,M,IMP,TRD_VAL,NG,TOTAL,EU27_2020,2023-07,1576.8,
ESTAT:EXT_ST_EU27_2020SITC(1.0),21/05/24 11:00:00,M,IMP,TRD_VAL,NG,TOTAL,EU27_2020,2023-08,1448.6,
ESTAT:EXT_ST_EU27_2020SITC(1.0),21/05/24 11:00:00,M,IMP,TRD_VAL,NG,TOTAL,EU27_2020,2023-09,2025.1,
ESTAT:EXT_ST_EU27_2020SITC(1.0),21/05/24 11:00:00,M,IMP,TRD_VAL,NG,TOTAL,EU27_2020,2023-10,1962.0,
ESTAT:EXT_ST_EU27_2020SITC(1.0),21/05/24 11:00:00,M,IMP,TRD_VAL,NG,TOTAL,EU27_2020,2023-11,2341.5,
ESTAT:EXT_ST_EU27_2020SITC(1.0),21/05/24 11:00:00,M,IMP,TRD_VAL,NG,TOTAL,EU27_2020,2023-12,1644.5,
ESTAT:EXT_ST_EU27_2020SITC(1.0),21/05/24 11:00:00,M,IMP,TRD_VAL,NG,TOTAL,EU27_2020,2024-01,2103.3,
ESTAT:EXT_ST_EU27_2020SITC(1.0),21/05/24 11:00:00,M,IMP,TRD_VAL,NG,TOTAL,EU27_2020,2024-02,2269.4,
ESTAT:EXT_ST_EU27_2020SITC(1.0),21/05/24 11:00:00,M,IMP,TRD_VAL,NG,TOTAL,EU27_2020,2024-03,1768.2,
ESTAT:EXT_ST_EU27_2020SITC(1.0),21/05/24 11:00:00,M,IMP,TRD_VAL,NO,TOTAL,EU27_2020,2023-06,8376.7,
ESTAT:EXT_ST_EU27_2020SITC(1.0),21/05/24 11:00:00,M,IMP,TRD_VAL,NO,TOTAL,EU27_2020,2023-07,8740.2,
ESTAT:EXT_ST_EU27_2020SITC(1.0),21/05/24 11:00:00,M,IMP,TRD_VAL,NO,TOTAL,EU27_2020,2023-08,9345.0,
ESTAT:EXT_ST_EU27_2020SITC(1.0),21/05/24 11:00:00,M,IMP,TRD_VAL,NO,TOTAL,EU27_2020,2023-09,8826.0,
ESTAT:EXT_ST_EU27_2020SITC(1.0),21/05/24 11:00:00,M,IMP,TRD_VAL,NO,TOTAL,EU27_2020,2023-10,10507.7,
ESTAT:EXT_ST_EU27_2020SITC(1.0),21/05/24 11:00:00,M,IMP,TRD_VAL,NO,TOTAL,EU27_2020,2023-11,10076.0,
ESTAT:EXT_ST_EU27_2020SITC(1.0),21/05/24 11:00:00,M,IMP,TRD_VAL,NO,TOTAL,EU27_2020,2023-12,9664.9,
ESTAT:EXT_ST_EU27_2020SITC(1.0),21/05/24 11:00:00,M,IMP,TRD_VAL,NO,TOTAL,EU27_2020,2024-01,9632.2,
ESTAT:EXT_ST_EU27_2020SITC(1.0),21/05/24 11:00:00,M,IMP,TRD_VAL,NO,TOTAL,EU27_2020,2024-02,9080.3,
ESTAT:EXT_ST_EU27_2020SITC(1.0),21/05/24 11:00:00,M,IMP,TRD_VAL,NO,TOTAL,EU27_2020,2024-03,8882.3,
ESTAT:EXT_ST_EU27_2020SITC(1.0),21/05/24 11:00:00,M,IMP,TRD_VAL,OCE_PLR,TOTAL,EU27_2020,2023-06,1555.5,
ESTAT:EXT_ST_EU27_2020SITC(1.0),21/05/24 11:00:00,M,IMP,TRD_VAL,OCE_PLR,TOTAL,EU27_2020,2023-07,1323.9,
ESTAT:EXT_ST_EU27_2020SITC(1.0),21/05/24 11:00:00,M,IMP,TRD_VAL,OCE_PLR,TOTAL,EU27_2020,2023-08,1189.9,
ESTAT:EXT_ST_EU27_2020SITC(1.0),21/05/24 11:00:00,M,IMP,TRD_VAL,OCE_PLR,TOTAL,EU27_2020,2023-09,1382.9,
ESTAT:EXT_ST_EU27_2020SITC(1.0),21/05/24 11:00:00,M,IMP,TRD_VAL,OCE_PLR,TOTAL,EU27_2020,2023-10,1233.4,
ESTAT:EXT_ST_EU27_2020SITC(1.0),21/05/24 11:00:00,M,IMP,TRD_VAL,OCE_PLR,TOTAL,EU27_2020,2023-11,949.9,
ESTAT:EXT_ST_EU27_2020SITC(1.0),21/05/24 11:00:00,M,IMP,TRD_VAL,OCE_PLR,TOTAL,EU27_2020,2023-12,1157.8,
ESTAT:EXT_ST_EU27_2020SITC(1.0),21/05/24 11:00:00,M,IMP,TRD_VAL,OCE_PLR,TOTAL,EU27_2020,2024-01,1095.1,
ESTAT:EXT_ST_EU27_2020SITC(1.0),21/05/24 11:00:00,M,IMP,TRD_VAL,OCE_PLR,TOTAL,EU27_2020,2024-02,1081.3,
ESTAT:EXT_ST_EU27_2020SITC(1.0),21/05/24 11:00:00,M,IMP,TRD_VAL,OCE_PLR,TOTAL,EU27_2020,2024-03,1104.0,
ESTAT:EXT_ST_EU27_2020SITC(1.0),21/05/24 11:00:00,M,IMP,TRD_VAL,OPEC,TOTAL,EU27_2020,2023-06,14024.8,
ESTAT:EXT_ST_EU27_2020SITC(1.0),21/05/24 11:00:00,M,IMP,TRD_VAL,OPEC,TOTAL,EU27_2020,2023-07,12834.1,
ESTAT:EXT_ST_EU27_2020SITC(1.0),21/05/24 11:00:00,M,IMP,TRD_VAL,OPEC,TOTAL,EU27_2020,2023-08,13552.9,
ESTAT:EXT_ST_EU27_2020SITC(1.0),21/05/24 11:00:00,M,IMP,TRD_VAL,OPEC,TOTAL,EU27_2020,2023-09,13648.5,
ESTAT:EXT_ST_EU27_2020SITC(1.0),21/05/24 11:00:00,M,IMP,TRD_VAL,OPEC,TOTAL,EU27_2020,2023-10,15126.3,
ESTAT:EXT_ST_EU27_2020SITC(1.0),21/05/24 11:00:00,M,IMP,TRD_VAL,OPEC,TOTAL,EU27_2020,2023-11,13619.2,
ESTAT:EXT_ST_EU27_2020SITC(1.0),21/05/24 11:00:00,M,IMP,TRD_VAL,OPEC,TOTAL,EU27_2020,2023-12,11974.4,
ESTAT:EXT_ST_EU27_2020SITC(1.0),21/05/24 11:00:00,M,IMP,TRD_VAL,OPEC,TOTAL,EU27_2020,2024-01,11953.9,
ESTAT:EXT_ST_EU27_2020SITC(1.0),21/05/24 11:00:00,M,IMP,TRD_VAL,OPEC,TOTAL,EU27_2020,2024-02,11082.9,
ESTAT:EXT_ST_EU27_2020SITC(1.0),21/05/24 11:00:00,M,IMP,TRD_VAL,OPEC,TOTAL,EU27_2020,2024-03,12598.6,
ESTAT:EXT_ST_EU27_2020SITC(1.0),21/05/24 11:00:00,M,IMP,TRD_VAL,RU,TOTAL,EU27_2020,2023-06,3330.7,
ESTAT:EXT_ST_EU27_2020SITC(1.0),21/05/24 11:00:00,M,IMP,TRD_VAL,RU,TOTAL,EU27_2020,2023-07,3342.4,
ESTAT:EXT_ST_EU27_2020SITC(1.0),21/05/24 11:00:00,M,IMP,TRD_VAL,RU,TOTAL,EU27_2020,2023-08,3422.0,
ESTAT:EXT_ST_EU27_2020SITC(1.0),21/05/24 11:00:00,M,IMP,TRD_VAL,RU,TOTAL,EU27_2020,2023-09,3905.0,
ESTAT:EXT_ST_EU27_2020SITC(1.0),21/05/24 11:00:00,M,IMP,TRD_VAL,RU,TOTAL,EU27_2020,2023-10,3462.2,
ESTAT:EXT_ST_EU27_2020SITC(1.0),21/05/24 11:00:00,M,IMP,TRD_VAL,RU,TOTAL,EU27_2020,2023-11,3550.5,
ESTAT:EXT_ST_EU27_2020SITC(1.0),21/05/24 11:00:00,M,IMP,TRD_VAL,RU,TOTAL,EU27_2020,2023-12,3701.9,
ESTAT:EXT_ST_EU27_2020SITC(1.0),21/05/24 11:00:00,M,IMP,TRD_VAL,RU,TOTAL,EU27_2020,2024-01,3447.7,
ESTAT:EXT_ST_EU27_2020SITC(1.0),21/05/24 11:00:00,M,IMP,TRD_VAL,RU,TOTAL,EU27_2020,2024-02,3064.6,
ESTAT:EXT_ST_EU27_2020SITC(1.0),21/05/24 11:00:00,M,IMP,TRD_VAL,RU,TOTAL,EU27_2020,2024-03,3199.9,
ESTAT:EXT_ST_EU27_2020SITC(1.0),21/05/24 11:00:00,M,IMP,TRD_VAL,SA,TOTAL,EU27_2020,2023-06,3660.9,
ESTAT:EXT_ST_EU27_2020SITC(1.0),21/05/24 11:00:00,M,IMP,TRD_VAL,SA,TOTAL,EU27_2020,2023-07,3173.9,
ESTAT:EXT_ST_EU27_2020SITC(1.0),21/05/24 11:00:00,M,IMP,TRD_VAL,SA,TOTAL,EU27_2020,2023-08,2756.6,
ESTAT:EXT_ST_EU27_2020SITC(1.0),21/05/24 11:00:00,M,IMP,TRD_VAL,SA,TOTAL,EU27_2020,2023-09,3082.9,
ESTAT:EXT_ST_EU27_2020SITC(1.0),21/05/24 11:00:00,M,IMP,TRD_VAL,SA,TOTAL,EU27_2020,2023-10,2636.6,
ESTAT:EXT_ST_EU27_2020SITC(1.0),21/05/24 11:00:00,M,IMP,TRD_VAL,SA,TOTAL,EU27_2020,2023-11,2148.4,
ESTAT:EXT_ST_EU27_2020SITC(1.0),21/05/24 11:00:00,M,IMP,TRD_VAL,SA,TOTAL,EU27_2020,2023-12,2340.8,
ESTAT:EXT_ST_EU27_2020SITC(1.0),21/05/24 11:00:00,M,IMP,TRD_VAL,SA,TOTAL,EU27_2020,2024-01,2496.0,
ESTAT:EXT_ST_EU27_2020SITC(1.0),21/05/24 11:00:00,M,IMP,TRD_VAL,SA,TOTAL,EU27_2020,2024-02,2588.8,
ESTAT:EXT_ST_EU27_2020SITC(1.0),21/05/24 11:00:00,M,IMP,TRD_VAL,SA,TOTAL,EU27_2020,2024-03,3080.4,
ESTAT:EXT_ST_EU27_2020SITC(1.0),21/05/24 11:00:00,M,IMP,TRD_VAL,SG,TOTAL,EU27_2020,2023-06,1406.2,
ESTAT:EXT_ST_EU27_2020SITC(1.0),21/05/24 11:00:00,M,IMP,TRD_VAL,SG,TOTAL,EU27_2020,2023-07,1868.7,
ESTAT:EXT_ST_EU27_2020SITC(1.0),21/05/24 11:00:00,M,IMP,TRD_VAL,SG,TOTAL,EU27_2020,2023-08,1613.7,
ESTAT:EXT_ST_EU27_2020SITC(1.0),21/05/24 11:00:00,M,IMP,TRD_VAL,SG,TOTAL,EU27_2020,2023-09,1165.5,
ESTAT:EXT_ST_EU27_2020SITC(1.0),21/05/24 11:00:00,M,IMP,TRD_VAL,SG,TOTAL,EU27_2020,2023-10,1560.6,
ESTAT:EXT_ST_EU27_2020SITC(1.0),21/05/24 11:00:00,M,IMP,TRD_VAL,SG,TOTAL,EU27_2020,2023-11,1226.7,
ESTAT:EXT_ST_EU27_2020SITC(1.0),21/05/24 11:00:00,M,IMP,TRD_VAL,SG,TOTAL,EU27_2020,2023-12,1859.4,
ESTAT:EXT_ST_EU27_2020SITC(1.0),21/05/24 11:00:00,M,IMP,TRD_VAL,SG,TOTAL,EU27_2020,2024-01,1384.8,
ESTAT:EXT_ST_EU27_2020SITC(1.0),21/05/24 11:00:00,M,IMP,TRD_VAL,SG,TOTAL,EU27_2020,2024-02,1216.1,
ESTAT:EXT_ST_EU27_2020SITC(1.0),21/05/24 11:00:00,M,IMP,TRD_VAL,SG,TOTAL,EU27_2020,2024-03,1592.6,
ESTAT:EXT_ST_EU27_2020SITC(1.0),21/05/24 11:00:00,M,IMP,TRD_VAL,TH,TOTAL,EU27_2020,2023-06,2072.8,
ESTAT:EXT_ST_EU27_2020SITC(1.0),21/05/24 11:00:00,M,IMP,TRD_VAL,TH,TOTAL,EU27_2020,2023-07,1955.3,
ESTAT:EXT_ST_EU27_2020SITC(1.0),21/05/24 11:00:00,M,IMP,TRD_VAL,TH,TOTAL,EU27_2020,2023-08,2013.5,
ESTAT:EXT_ST_EU27_2020SITC(1.0),21/05/24 11:00:00,M,IMP,TRD_VAL,TH,TOTAL,EU27_2020,2023-09,1952.6,
ESTAT:EXT_ST_EU27_2020SITC(1.0),21/05/24 11:00:00,M,IMP,TRD_VAL,TH,TOTAL,EU27_2020,2023-10,2152.8,
ESTAT:EXT_ST_EU27_2020SITC(1.0),21/05/24 11:00:00,M,IMP,TRD_VAL,TH,TOTAL,EU27_2020,2023-11,2031.3,
ESTAT:EXT_ST_EU27_2020SITC(1.0),21/05/24 11:00:00,M,IMP,TRD_VAL,TH,TOTAL,EU27_2020,2023-12,1820.1,
ESTAT:EXT_ST_EU27_2020SITC(1.0),21/05/24 11:00:00,M,IMP,TRD_VAL,TH,TOTAL,EU27_2020,2024-01,1814.4,
ESTAT:EXT_ST_EU27_2020SITC(1.0),21/05/24 11:00:00,M,IMP,TRD_VAL,TH,TOTAL,EU27_2020,2024-02,1967.7,
ESTAT:EXT_ST_EU27_2020SITC(1.0),21/05/24 11:00:00,M,IMP,TRD_VAL,TH,TOTAL,EU27_2020,2024-03,2313.1,
ESTAT:EXT_ST_EU27_2020SITC(1.0),21/05/24 11:00:00,M,IMP,TRD_VAL,TN,TOTAL,EU27_2020,2023-06,1357.7,
ESTAT:EXT_ST_EU27_2020SITC(1.0),21/05/24 11:00:00,M,IMP,TRD_VAL,TN,TOTAL,EU27_2020,2023-07,913.7,
ESTAT:EXT_ST_EU27_2020SITC(1.0),21/05/24 11:00:00,M,IMP,TRD_VAL,TN,TOTAL,EU27_2020,2023-08,847.6,
ESTAT:EXT_ST_EU27_2020SITC(1.0),21/05/24 11:00:00,M,IMP,TRD_VAL,TN,TOTAL,EU27_2020,2023-09,1014.6,
ESTAT:EXT_ST_EU27_2020SITC(1.0),21/05/24 11:00:00,M,IMP,TRD_VAL,TN,TOTAL,EU27_2020,2023-10,1238.4,
ESTAT:EXT_ST_EU27_2020SITC(1.0),21/05/24 11:00:00,M,IMP,TRD_VAL,TN,TOTAL,EU27_2020,2023-11,1086.4,
ESTAT:EXT_ST_EU27_2020SITC(1.0),21/05/24 11:00:00,M,IMP,TRD_VAL,TN,TOTAL,EU27_2020,2023-12,1010.8,
ESTAT:EXT_ST_EU27_2020SITC(1.0),21/05/24 11:00:00,M,IMP,TRD_VAL,TN,TOTAL,EU27_2020,2024-01,1104.7,
ESTAT:EXT_ST_EU27_2020SITC(1.0),21/05/24 11:00:00,M,IMP,TRD_VAL,TN,TOTAL,EU27_2020,2024-02,1171.3,
ESTAT:EXT_ST_EU27_2020SITC(1.0),21/05/24 11:00:00,M,IMP,TRD_VAL,TN,TOTAL,EU27_2020,2024-03,1143.3,
ESTAT:EXT_ST_EU27_2020SITC(1.0),21/05/24 11:00:00,M,IMP,TRD_VAL,TR,TOTAL,EU27_2020,2023-06,8269.1,
ESTAT:EXT_ST_EU27_2020SITC(1.0),21/05/24 11:00:00,M,IMP,TRD_VAL,TR,TOTAL,EU27_2020,2023-07,7503.8,
ESTAT:EXT_ST_EU27_2020SITC(1.0),21/05/24 11:00:00,M,IMP,TRD_VAL,TR,TOTAL,EU27_2020,2023-08,7547.3,
ESTAT:EXT_ST_EU27_2020SITC(1.0),21/05/24 11:00:00,M,IMP,TRD_VAL,TR,TOTAL,EU27_2020,2023-09,7546.9,
ESTAT:EXT_ST_EU27_2020SITC(1.0),21/05/24 11:00:00,M,IMP,TRD_VAL,TR,TOTAL,EU27_2020,2023-10,8514.8,
ESTAT:EXT_ST_EU27_2020SITC(1.0),21/05/24 11:00:00,M,IMP,TRD_VAL,TR,TOTAL,EU27_2020,2023-11,8318.3,
ESTAT:EXT_ST_EU27_2020SITC(1.0),21/05/24 11:00:00,M,IMP,TRD_VAL,TR,TOTAL,EU27_2020,2023-12,7305.7,
ESTAT:EXT_ST_EU27_2020SITC(1.0),21/05/24 11:00:00,M,IMP,TRD_VAL,TR,TOTAL,EU27_2020,2024-01,8242.1,
ESTAT:EXT_ST_EU27_2020SITC(1.0),21/05/24 11:00:00,M,IMP,TRD_VAL,TR,TOTAL,EU27_2020,2024-02,7795.2,
ESTAT:EXT_ST_EU27_2020SITC(1.0),21/05/24 11:00:00,M,IMP,TRD_VAL,TR,TOTAL,EU27_2020,2024-03,8087.5,
ESTAT:EXT_ST_EU27_2020SITC(1.0),21/05/24 11:00:00,M,IMP,TRD_VAL,TW,TOTAL,EU27_2020,2023-06,3734.6,
ESTAT:EXT_ST_EU27_2020SITC(1.0),21/05/24 11:00:00,M,IMP,TRD_VAL,TW,TOTAL,EU27_2020,2023-07,5017.4,
ESTAT:EXT_ST_EU27_2020SITC(1.0),21/05/24 11:00:00,M,IMP,TRD_VAL,TW,TOTAL,EU27_2020,2023-08,4189.5,
ESTAT:EXT_ST_EU27_2020SITC(1.0),21/05/24 11:00:00,M,IMP,TRD_VAL,TW,TOTAL,EU27_2020,2023-09,3893.3,
ESTAT:EXT_ST_EU27_2020SITC(1.0),21/05/24 11:00:00,M,IMP,TRD_VAL,TW,TOTAL,EU27_2020,2023-10,4089.4,
ESTAT:EXT_ST_EU27_2020SITC(1.0),21/05/24 11:00:00,M,IMP,TRD_VAL,TW,TOTAL,EU27_2020,2023-11,3458.6,
ESTAT:EXT_ST_EU27_2020SITC(1.0),21/05/24 11:00:00,M,IMP,TRD_VAL,TW,TOTAL,EU27_2020,2023-12,3304.5,
ESTAT:EXT_ST_EU27_2020SITC(1.0),21/05/24 11:00:00,M,IMP,TRD_VAL,TW,TOTAL,EU27_2020,2024-01,3744.3,
ESTAT:EXT_ST_EU27_2020SITC(1.0),21/05/24 11:00:00,M,IMP,TRD_VAL,TW,TOTAL,EU27_2020,2024-02,2939.1,
ESTAT:EXT_ST_EU27_2020SITC(1.0),21/05/24 11:00:00,M,IMP,TRD_VAL,TW,TOTAL,EU27_2020,2024-03,3121.7,
ESTAT:EXT_ST_EU27_2020SITC(1.0),21/05/24 11:00:00,M,IMP,TRD_VAL,UA,TOTAL,EU27_2020,2023-06,1803.2,
ESTAT:EXT_ST_EU27_2020SITC(1.0),21/05/24 11:00:00,M,IMP,TRD_VAL,UA,TOTAL,EU27_2020,2023-07,1564.4,
ESTAT:EXT_ST_EU27_2020SITC(1.0),21/05/24 11:00:00,M,IMP,TRD_VAL,UA,TOTAL,EU27_2020,2023-08,1618.8,
ESTAT:EXT_ST_EU27_2020SITC(1.0),21/05/24 11:00:00,M,IMP,TRD_VAL,UA,TOTAL,EU27_2020,2023-09,1622.1,
ESTAT:EXT_ST_EU27_2020SITC(1.0),21/05/24 11:00:00,M,IMP,TRD_VAL,UA,TOTAL,EU27_2020,2023-10,1761.6,
ESTAT:EXT_ST_EU27_2020SITC(1.0),21/05/24 11:00:00,M,IMP,TRD_VAL,UA,TOTAL,EU27_2020,2023-11,1935.8,
ESTAT:EXT_ST_EU27_2020SITC(1.0),21/05/24 11:00:00,M,IMP,TRD_VAL,UA,TOTAL,EU27_2020,2023-12,1925.3,
ESTAT:EXT_ST_EU27_2020SITC(1.0),21/05/24 11:00:00,M,IMP,TRD_VAL,UA,TOTAL,EU27_2020,2024-01,2252.8,
ESTAT:EXT_ST_EU27_2020SITC(1.0),21/05/24 11:00:00,M,IMP,TRD_VAL,UA,TOTAL,EU27_2020,2024-02,2054.1,
ESTAT:EXT_ST_EU27_2020SITC(1.0),21/05/24 11:00:00,M,IMP,TRD_VAL,UA,TOTAL,EU27_2020,2024-03,1929.9,
ESTAT:EXT_ST_EU27_2020SITC(1.0),21/05/24 11:00:00,M,IMP,TRD_VAL,UK,TOTAL,EU27_2020,2023-06,14633.8,
ESTAT:EXT_ST_EU27_2020SITC(1.0),21/05/24 11:00:00,M,IMP,TRD_VAL,UK,TOTAL,EU27_2020,2023-07,14446.3,
ESTAT:EXT_ST_EU27_2020SITC(1.0),21/05/24 11:00:00,M,IMP,TRD_VAL,UK,TOTAL,EU27_2020,2023-08,13891.4,
ESTAT:EXT_ST_EU27_2020SITC(1.0),21/05/24 11:00:00,M,IMP,TRD_VAL,UK,TOTAL,EU27_2020,2023-09,14656.4,
ESTAT:EXT_ST_EU27_2020SITC(1.0),21/05/24 11:00:00,M,IMP,TRD_VAL,UK,TOTAL,EU27_2020,2023-10,14372.7,
ESTAT:EXT_ST_EU27_2020SITC(1.0),21/05/24 11:00:00,M,IMP,TRD_VAL,UK,TOTAL,EU27_2020,2023-11,14623.0,
ESTAT:EXT_ST_EU27_2020SITC(1.0),21/05/24 11:00:00,M,IMP,TRD_VAL,UK,TOTAL,EU27_2020,2023-12,12243.7,
ESTAT:EXT_ST_EU27_2020SITC(1.0),21/05/24 11:00:00,M,IMP,TRD_VAL,UK,TOTAL,EU27_2020,2024-01,13387.1,
ESTAT:EXT_ST_EU27_2020SITC(1.0),21/05/24 11:00:00,M,IMP,TRD_VAL,UK,TOTAL,EU27_2020,2024-02,13894.2,
ESTAT:EXT_ST_EU27_2020SITC(1.0),21/05/24 11:00:00,M,IMP,TRD_VAL,UK,TOTAL,EU27_2020,2024-03,13806.1,
ESTAT:EXT_ST_EU27_2020SITC(1.0),21/05/24 11:00:00,M,IMP,TRD_VAL,US,TOTAL,EU27_2020,2023-06,28495.0,
ESTAT:EXT_ST_EU27_2020SITC(1.0),21/05/24 11:00:00,M,IMP,TRD_VAL,US,TOTAL,EU27_2020,2023-07,27901.3,
ESTAT:EXT_ST_EU27_2020SITC(1.0),21/05/24 11:00:00,M,IMP,TRD_VAL,US,TOTAL,EU27_2020,2023-08,27732.0,
ESTAT:EXT_ST_EU27_2020SITC(1.0),21/05/24 11:00:00,M,IMP,TRD_VAL,US,TOTAL,EU27_2020,2023-09,28455.0,
ESTAT:EXT_ST_EU27_2020SITC(1.0),21/05/24 11:00:00,M,IMP,TRD_VAL,US,TOTAL,EU27_2020,2023-10,28983.7,
ESTAT:EXT_ST_EU27_2020SITC(1.0),21/05/24 11:00:00,M,IMP,TRD_VAL,US,TOTAL,EU27_2020,2023-11,30149.1,
ESTAT:EXT_ST_EU27_2020SITC(1.0),21/05/24 11:00:00,M,IMP,TRD_VAL,US,TOTAL,EU27_2020,2023-12,28830.1,
ESTAT:EXT_ST_EU27_2020SITC(1.0),21/05/24 11:00:00,M,IMP,TRD_VAL,US,TOTAL,EU27_2020,2024-01,28082.0,
ESTAT:EXT_ST_EU27_2020SITC(1.0),21/05/24 11:00:00,M,IMP,TRD_VAL,US,TOTAL,EU27_2020,2024-02,27377.5,
ESTAT:EXT_ST_EU27_2020SITC(1.0),21/05/24 11:00:00,M,IMP,TRD_VAL,US,TOTAL,EU27_2020,2024-03,27660.7,
ESTAT:EXT_ST_EU27_2020SITC(1.0),21/05/24 11:00:00,M,IMP,TRD_VAL,VN,TOTAL,EU27_2020,2023-06,3639.2,
ESTAT:EXT_ST_EU27_2020SITC(1.0),21/05/24 11:00:00,M,IMP,TRD_VAL,VN,TOTAL,EU27_2020,2023-07,4329.6,
ESTAT:EXT_ST_EU27_2020SITC(1.0),21/05/24 11:00:00,M,IMP,TRD_VAL,VN,TOTAL,EU27_2020,2023-08,3942.1,
ESTAT:EXT_ST_EU27_2020SITC(1.0),21/05/24 11:00:00,M,IMP,TRD_VAL,VN,TOTAL,EU27_2020,2023-09,3984.6,
ESTAT:EXT_ST_EU27_2020SITC(1.0),21/05/24 11:00:00,M,IMP,TRD_VAL,VN,TOTAL,EU27_2020,2023-10,4653.1,
ESTAT:EXT_ST_EU27_2020SITC(1.0),21/05/24 11:00:00,M,IMP,TRD_VAL,VN,TOTAL,EU27_2020,2023-11,4144.7,
ESTAT:EXT_ST_EU27_2020SITC(1.0),21/05/24 11:00:00,M,IMP,TRD_VAL,VN,TOTAL,EU27_2020,2023-12,3469.2,
ESTAT:EXT_ST_EU27_2020SITC(1.0),21/05/24 11:00:00,M,IMP,TRD_VAL,VN,TOTAL,EU27_2020,2024-01,4352.8,
ESTAT:EXT_ST_EU27_2020SITC(1.0),21/05/24 11:00:00,M,IMP,TRD_VAL,VN,TOTAL,EU27_2020,2024-02,3837.0,
ESTAT:EXT_ST_EU27_2020SITC(1.0),21/05/24 11:00:00,M,IMP,TRD_VAL,VN,TOTAL,EU27_2020,2024-03,4050.7,
ESTAT:EXT_ST_EU27_2020SITC(1.0),21/05/24 11:00:00,M,IMP,TRD_VAL,WBC,TOTAL,EU27_2020,2023-06,3084.3,
ESTAT:EXT_ST_EU27_2020SITC(1.0),21/05/24 11:00:00,M,IMP,TRD_VAL,WBC,TOTAL,EU27_2020,2023-07,2855.3,
ESTAT:EXT_ST_EU27_2020SITC(1.0),21/05/24 11:00:00,M,IMP,TRD_VAL,WBC,TOTAL,EU27_2020,2023-08,2430.5,
ESTAT:EXT_ST_EU27_2020SITC(1.0),21/05/24 11:00:00,M,IMP,TRD_VAL,WBC,TOTAL,EU27_2020,2023-09,2893.8,
ESTAT:EXT_ST_EU27_2020SITC(1.0),21/05/24 11:00:00,M,IMP,TRD_VAL,WBC,TOTAL,EU27_2020,2023-10,3073.7,
ESTAT:EXT_ST_EU27_2020SITC(1.0),21/05/24 11:00:00,M,IMP,TRD_VAL,WBC,TOTAL,EU27_2020,2023-11,3049.3,
ESTAT:EXT_ST_EU27_2020SITC(1.0),21/05/24 11:00:00,M,IMP,TRD_VAL,WBC,TOTAL,EU27_2020,2023-12,2594.3,
ESTAT:EXT_ST_EU27_2020SITC(1.0),21/05/24 11:00:00,M,IMP,TRD_VAL,WBC,TOTAL,EU27_2020,2024-01,2714.1,
ESTAT:EXT_ST_EU27_2020SITC(1.0),21/05/24 11:00:00,M,IMP,TRD_VAL,WBC,TOTAL,EU27_2020,2024-02,2910.1,
ESTAT:EXT_ST_EU27_2020SITC(1.0),21/05/24 11:00:00,M,IMP,TRD_VAL,WBC,TOTAL,EU27_2020,2024-03,2905.0,
ESTAT:EXT_ST_EU27_2020SITC(1.0),21/05/24 11:00:00,M,IMP,TRD_VAL,ZA,TOTAL,EU27_2020,2023-06,1912.5,
ESTAT:EXT_ST_EU27_2020SITC(1.0),21/05/24 11:00:00,M,IMP,TRD_VAL,ZA,TOTAL,EU27_2020,2023-07,1526.9,
ESTAT:EXT_ST_EU27_2020SITC(1.0),21/05/24 11:00:00,M,IMP,TRD_VAL,ZA,TOTAL,EU27_2020,2023-08,2018.0,
ESTAT:EXT_ST_EU27_2020SITC(1.0),21/05/24 11:00:00,M,IMP,TRD_VAL,ZA,TOTAL,EU27_2020,2023-09,1850.9,
ESTAT:EXT_ST_EU27_2020SITC(1.0),21/05/24 11:00:00,M,IMP,TRD_VAL,ZA,TOTAL,EU27_2020,2023-10,1777.1,
ESTAT:EXT_ST_EU27_2020SITC(1.0),21/05/24 11:00:00,M,IMP,TRD_VAL,ZA,TOTAL,EU27_2020,2023-11,1481.4,
ESTAT:EXT_ST_EU27_2020SITC(1.0),21/05/24 11:00:00,M,IMP,TRD_VAL,ZA,TOTAL,EU27_2020,2023-12,1821.5,
ESTAT:EXT_ST_EU27_2020SITC(1.0),21/05/24 11:00:00,M,IMP,TRD_VAL,ZA,TOTAL,EU27_2020,2024-01,1671.2,
ESTAT:EXT_ST_EU27_2020SITC(1.0),21/05/24 11:00:00,M,IMP,TRD_VAL,ZA,TOTAL,EU27_2020,2024-02,1440.4,
ESTAT:EXT_ST_EU27_2020SITC(1.0),21/05/24 11:00:00,M,IMP,TRD_VAL,ZA,TOTAL,EU27_2020,2024-03,1864.0,
